,support,itemsets
0,0.8438945886139609,frozenset({'beer'})
1,0.8738684369342185,frozenset({'bread'})
2,0.8782941058137196,frozenset({'butter'})
3,0.856366928183464,frozenset({'cheese'})
4,0.8304164152082076,frozenset({'chocolate'})
5,0.8491249245624622,frozenset({'coca-cola'})
6,0.8457050895192114,frozenset({'coffee'})
7,0.8694427680547173,frozenset({'eggs'})
8,0.8276000804667069,frozenset({'honey'})
9,0.8388654194327098,frozenset({'juice'})
10,0.856366928183464,frozenset({'milk'})
11,0.8267954133977067,frozenset({'pens'})
12,0.824180245423456,frozenset({'pepper'})
13,0.8310199155099578,frozenset({'salt'})
14,0.7972238986119493,frozenset({'sugar'})
15,0.8141219070609536,frozenset({'tea'})
16,0.8449004224502112,frozenset({'tomatoes'})
17,0.8764836049084691,frozenset({'vodka'})
18,0.8366525849929591,frozenset({'water'})
19,0.8483202574934621,frozenset({'wine'})
20,0.7978273989136995,"frozenset({'beer', 'bread'})"
21,0.7837457252061959,"frozenset({'beer', 'butter'})"
22,0.7384832025749346,"frozenset({'beer', 'cheese'})"
23,0.7439147052906859,"frozenset({'chocolate', 'beer'})"
24,0.7398913699456849,"frozenset({'beer', 'coca-cola'})"
25,0.7431100382216858,"frozenset({'beer', 'coffee'})"
26,0.7783142224904446,"frozenset({'eggs', 'beer'})"
27,0.7376785355059344,"frozenset({'beer', 'honey'})"
28,0.7423053711526856,"frozenset({'juice', 'beer'})"
29,0.7388855361094347,"frozenset({'beer', 'milk'})"
30,0.7604103802051901,"frozenset({'beer', 'pens'})"
31,0.7153490243411789,"frozenset({'beer', 'pepper'})"
32,0.7388855361094347,"frozenset({'beer', 'salt'})"
33,0.7075035204184269,"frozenset({'beer', 'sugar'})"
34,0.7306376986521826,"frozenset({'beer', 'tea'})"
35,0.7217863608931805,"frozenset({'beer', 'tomatoes'})"
36,0.7738885536109434,"frozenset({'beer', 'vodka'})"
37,0.7415007040836854,"frozenset({'beer', 'water'})"
38,0.7509555421444377,"frozenset({'beer', 'wine'})"
39,0.7871655602494468,"frozenset({'butter', 'bread'})"
40,0.7835445584389459,"frozenset({'cheese', 'bread'})"
41,0.7668477167571918,"frozenset({'chocolate', 'bread'})"
42,0.7765037215851941,"frozenset({'coca-cola', 'bread'})"
43,0.7759002212834439,"frozenset({'coffee', 'bread'})"
44,0.8062764031382016,"frozenset({'eggs', 'bread'})"
45,0.7545765439549387,"frozenset({'honey', 'bread'})"
46,0.7658418829209415,"frozenset({'juice', 'bread'})"
47,0.7756990545161939,"frozenset({'milk', 'bread'})"
48,0.7746932206799437,"frozenset({'pens', 'bread'})"
49,0.7644337155501911,"frozenset({'pepper', 'bread'})"
50,0.7664453832226916,"frozenset({'salt', 'bread'})"
51,0.7396902031784349,"frozenset({'sugar', 'bread'})"
52,0.7614162140414403,"frozenset({'tea', 'bread'})"
53,0.7501508750754375,"frozenset({'tomatoes', 'bread'})"
54,0.796016898008449,"frozenset({'vodka', 'bread'})"
55,0.7555823777911889,"frozenset({'water', 'bread'})"
56,0.7660430496881915,"frozenset({'wine', 'bread'})"
57,0.768054717360692,"frozenset({'cheese', 'butter'})"
58,0.75980687990344,"frozenset({'chocolate', 'butter'})"
59,0.7708710521021928,"frozenset({'butter', 'coca-cola'})"
60,0.7583987125326896,"frozenset({'butter', 'coffee'})"
61,0.7905853952926977,"frozenset({'eggs', 'butter'})"
62,0.7656407161536914,"frozenset({'butter', 'honey'})"
63,0.752162542747938,"frozenset({'juice', 'butter'})"
64,0.7720780527056931,"frozenset({'butter', 'milk'})"
65,0.7539730436531885,"frozenset({'pens', 'butter'})"
66,0.7509555421444377,"frozenset({'butter', 'pepper'})"
67,0.7539730436531885,"frozenset({'salt', 'butter'})"
68,0.7368738684369343,"frozenset({'butter', 'sugar'})"
69,0.7501508750754375,"frozenset({'butter', 'tea'})"
70,0.756185878092939,"frozenset({'butter', 'tomatoes'})"
71,0.7966203983101992,"frozenset({'butter', 'vodka'})"
72,0.7732850533091933,"frozenset({'butter', 'water'})"
73,0.7724803862401931,"frozenset({'butter', 'wine'})"
74,0.7525648762824382,"frozenset({'chocolate', 'cheese'})"
75,0.7441158720579361,"frozenset({'cheese', 'coca-cola'})"
76,0.7759002212834439,"frozenset({'cheese', 'coffee'})"
77,0.7789177227921947,"frozenset({'eggs', 'cheese'})"
78,0.7437135385234359,"frozenset({'cheese', 'honey'})"
79,0.7406960370146852,"frozenset({'juice', 'cheese'})"
80,0.7728827197746932,"frozenset({'cheese', 'milk'})"
81,0.7537718768859385,"frozenset({'pens', 'cheese'})"
82,0.7328505330919333,"frozenset({'cheese', 'pepper'})"
83,0.7392878696439348,"frozenset({'cheese', 'salt'})"
84,0.7193723596861799,"frozenset({'cheese', 'sugar'})"
85,0.728223697445182,"frozenset({'cheese', 'tea'})"
86,0.7388855361094347,"frozenset({'cheese', 'tomatoes'})"
87,0.7823375578354456,"frozenset({'cheese', 'vodka'})"
88,0.727620197143432,"frozenset({'cheese', 'water'})"
89,0.7417018708509354,"frozenset({'cheese', 'wine'})"
90,0.7567893783946892,"frozenset({'chocolate', 'coca-cola'})"
91,0.7431100382216858,"frozenset({'chocolate', 'coffee'})"
92,0.7700663850331925,"frozenset({'chocolate', 'eggs'})"
93,0.7064976865821766,"frozenset({'chocolate', 'honey'})"
94,0.7183665258499295,"frozenset({'chocolate', 'juice'})"
95,0.7475357071011869,"frozenset({'chocolate', 'milk'})"
96,0.7334540333936833,"frozenset({'chocolate', 'pens'})"
97,0.7213840273586803,"frozenset({'chocolate', 'pepper'})"
98,0.7127338563669282,"frozenset({'chocolate', 'salt'})"
99,0.7058941862804264,"frozenset({'chocolate', 'sugar'})"
100,0.7133373566686784,"frozenset({'chocolate', 'tea'})"
101,0.7117280225306779,"frozenset({'chocolate', 'tomatoes'})"
102,0.7674512170589418,"frozenset({'chocolate', 'vodka'})"
103,0.7264131965399316,"frozenset({'chocolate', 'water'})"
104,0.7246026956346812,"frozenset({'chocolate', 'wine'})"
105,0.7487427077046872,"frozenset({'coffee', 'coca-cola'})"
106,0.7722792194729431,"frozenset({'eggs', 'coca-cola'})"
107,0.7207805270569302,"frozenset({'honey', 'coca-cola'})"
108,0.7225910279621807,"frozenset({'juice', 'coca-cola'})"
109,0.7765037215851941,"frozenset({'milk', 'coca-cola'})"
110,0.7386843693421846,"frozenset({'pens', 'coca-cola'})"
111,0.7435123717561859,"frozenset({'pepper', 'coca-cola'})"
112,0.7368738684369343,"frozenset({'salt', 'coca-cola'})"
113,0.728022530677932,"frozenset({'sugar', 'coca-cola'})"
114,0.7165560249446792,"frozenset({'tea', 'coca-cola'})"
115,0.7594045463689398,"frozenset({'tomatoes', 'coca-cola'})"
116,0.7789177227921947,"frozenset({'vodka', 'coca-cola'})"
117,0.7670488835244418,"frozenset({'coca-cola', 'water'})"
118,0.7754978877489439,"frozenset({'coca-cola', 'wine'})"
119,0.7668477167571918,"frozenset({'eggs', 'coffee'})"
120,0.7250050291691813,"frozenset({'coffee', 'honey'})"
121,0.748139207402937,"frozenset({'juice', 'coffee'})"
122,0.7825387246026957,"frozenset({'coffee', 'milk'})"
123,0.7569905451619392,"frozenset({'pens', 'coffee'})"
124,0.7231945282639308,"frozenset({'coffee', 'pepper'})"
125,0.7415007040836854,"frozenset({'salt', 'coffee'})"
126,0.7183665258499295,"frozenset({'coffee', 'sugar'})"
127,0.7415007040836854,"frozenset({'coffee', 'tea'})"
128,0.76000804667069,"frozenset({'coffee', 'tomatoes'})"
129,0.7571917119291893,"frozenset({'coffee', 'vodka'})"
130,0.7410983705491853,"frozenset({'coffee', 'water'})"
131,0.763830215248441,"frozenset({'coffee', 'wine'})"
132,0.7696640514986924,"frozenset({'eggs', 'honey'})"
133,0.7616173808086905,"frozenset({'eggs', 'juice'})"
134,0.7813317239991954,"frozenset({'eggs', 'milk'})"
135,0.7744920539126936,"frozenset({'eggs', 'pens'})"
136,0.7626232146449407,"frozenset({'eggs', 'pepper'})"
137,0.7658418829209415,"frozenset({'eggs', 'salt'})"
138,0.7250050291691813,"frozenset({'eggs', 'sugar'})"
139,0.755984711325689,"frozenset({'eggs', 'tea'})"
140,0.756185878092939,"frozenset({'eggs', 'tomatoes'})"
141,0.7831422249044457,"frozenset({'eggs', 'vodka'})"
142,0.7575940454636894,"frozenset({'eggs', 'water'})"
143,0.7857573928786964,"frozenset({'eggs', 'wine'})"
144,0.7173606920136794,"frozenset({'juice', 'honey'})"
145,0.7565882116274392,"frozenset({'honey', 'milk'})"
146,0.7410983705491853,"frozenset({'pens', 'honey'})"
147,0.728223697445182,"frozenset({'pepper', 'honey'})"
148,0.7485415409374372,"frozenset({'salt', 'honey'})"
149,0.691812512572923,"frozenset({'sugar', 'honey'})"
150,0.7129350231341782,"frozenset({'honey', 'tea'})"
151,0.72017702675518,"frozenset({'tomatoes', 'honey'})"
152,0.7634278817139408,"frozenset({'vodka', 'honey'})"
153,0.7246026956346812,"frozenset({'honey', 'water'})"
154,0.7284248642124321,"frozenset({'honey', 'wine'})"
155,0.7555823777911889,"frozenset({'juice', 'milk'})"
156,0.732045866022933,"frozenset({'juice', 'pens'})"
157,0.7235968617984309,"frozenset({'juice', 'pepper'})"
158,0.7137396902031784,"frozenset({'juice', 'salt'})"
159,0.6887950110641722,"frozenset({'juice', 'sugar'})"
160,0.7252061959364313,"frozenset({'juice', 'tea'})"
161,0.7193723596861799,"frozenset({'juice', 'tomatoes'})"
162,0.7503520418426876,"frozenset({'juice', 'vodka'})"
163,0.7246026956346812,"frozenset({'juice', 'water'})"
164,0.7324481995574331,"frozenset({'juice', 'wine'})"
165,0.7608127137396902,"frozenset({'pens', 'milk'})"
166,0.7443170388251861,"frozenset({'pepper', 'milk'})"
167,0.7453228726614364,"frozenset({'salt', 'milk'})"
168,0.7115268557634279,"frozenset({'sugar', 'milk'})"
169,0.7507543753771877,"frozenset({'milk', 'tea'})"
170,0.7781130557231946,"frozenset({'tomatoes', 'milk'})"
171,0.7704687185676926,"frozenset({'vodka', 'milk'})"
172,0.7565882116274392,"frozenset({'milk', 'water'})"
173,0.755783544558439,"frozenset({'milk', 'wine'})"
174,0.7304365318849326,"frozenset({'pens', 'pepper'})"
175,0.7312411989539328,"frozenset({'pens', 'salt'})"
176,0.7093140213236774,"frozenset({'pens', 'sugar'})"
177,0.7205793602896802,"frozenset({'pens', 'tea'})"
178,0.7290283645141823,"frozenset({'pens', 'tomatoes'})"
179,0.748139207402937,"frozenset({'pens', 'vodka'})"
180,0.7336552001609334,"frozenset({'pens', 'water'})"
181,0.7412995373164353,"frozenset({'pens', 'wine'})"
182,0.724200362100181,"frozenset({'salt', 'pepper'})"
183,0.7006638503319251,"frozenset({'pepper', 'sugar'})"
184,0.723999195332931,"frozenset({'pepper', 'tea'})"
185,0.7169583584791792,"frozenset({'tomatoes', 'pepper'})"
186,0.7425065379199356,"frozenset({'vodka', 'pepper'})"
187,0.7404948702474351,"frozenset({'pepper', 'water'})"
188,0.727620197143432,"frozenset({'pepper', 'wine'})"
189,0.6883926775296721,"frozenset({'salt', 'sugar'})"
190,0.7274190303761818,"frozenset({'salt', 'tea'})"
191,0.7427077046871857,"frozenset({'salt', 'tomatoes'})"
192,0.7505532086099377,"frozenset({'salt', 'vodka'})"
193,0.7137396902031784,"frozenset({'salt', 'water'})"
194,0.7374773687386844,"frozenset({'salt', 'wine'})"
195,0.6976463488231744,"frozenset({'sugar', 'tea'})"
196,0.6954335143834238,"frozenset({'tomatoes', 'sugar'})"
197,0.728022530677932,"frozenset({'vodka', 'sugar'})"
198,0.7155501911084289,"frozenset({'sugar', 'water'})"
199,0.7062965198149266,"frozenset({'sugar', 'wine'})"
200,0.7292295312814323,"frozenset({'tomatoes', 'tea'})"
201,0.7525648762824382,"frozenset({'vodka', 'tea'})"
202,0.7286260309796821,"frozenset({'tea', 'water'})"
203,0.7342587004626836,"frozenset({'tea', 'wine'})"
204,0.7328505330919333,"frozenset({'vodka', 'tomatoes'})"
205,0.7388855361094347,"frozenset({'tomatoes', 'water'})"
206,0.7632267149466908,"frozenset({'tomatoes', 'wine'})"
207,0.755984711325689,"frozenset({'vodka', 'water'})"
208,0.7771072218869443,"frozenset({'vodka', 'wine'})"
209,0.7471333735666867,"frozenset({'wine', 'water'})"
210,0.7402937034801851,"frozenset({'beer', 'butter', 'bread'})"
211,0.7125326895996781,"frozenset({'beer', 'cheese', 'bread'})"
212,0.7117280225306779,"frozenset({'chocolate', 'beer', 'bread'})"
213,0.7131361899014282,"frozenset({'beer', 'coca-cola', 'bread'})"
214,0.72017702675518,"frozenset({'beer', 'coffee', 'bread'})"
215,0.7366727016696841,"frozenset({'eggs', 'beer', 'bread'})"
216,0.6942265137799235,"frozenset({'beer', 'honey', 'bread'})"
217,0.7115268557634279,"frozenset({'juice', 'beer', 'bread'})"
218,0.7127338563669282,"frozenset({'beer', 'milk', 'bread'})"
219,0.7384832025749346,"frozenset({'beer', 'pens', 'bread'})"
220,0.6932206799436733,"frozenset({'beer', 'pepper', 'bread'})"
221,0.7062965198149266,"frozenset({'beer', 'salt', 'bread'})"
222,0.6867833433916717,"frozenset({'beer', 'sugar', 'bread'})"
223,0.7048883524441762,"frozenset({'beer', 'tea', 'bread'})"
224,0.6940253470126735,"frozenset({'beer', 'tomatoes', 'bread'})"
225,0.7308388654194327,"frozenset({'beer', 'vodka', 'bread'})"
226,0.7087105210219272,"frozenset({'beer', 'water', 'bread'})"
227,0.7181653590826795,"frozenset({'wine', 'beer', 'bread'})"
228,0.6966405149869241,"frozenset({'beer', 'butter', 'cheese'})"
229,0.7034801850734259,"frozenset({'chocolate', 'beer', 'butter'})"
230,0.6904043452021726,"frozenset({'beer', 'butter', 'coca-cola'})"
231,0.6853751760209214,"frozenset({'beer', 'butter', 'coffee'})"
232,0.7284248642124321,"frozenset({'eggs', 'beer', 'butter'})"
233,0.6966405149869241,"frozenset({'beer', 'butter', 'honey'})"
234,0.7010661838664253,"frozenset({'juice', 'beer', 'butter'})"
235,0.6817541742104204,"frozenset({'beer', 'butter', 'milk'})"
236,0.7032790183061758,"frozenset({'beer', 'butter', 'pens'})"
237,0.6735063367531684,"frozenset({'beer', 'butter', 'pepper'})"
238,0.6823576745121706,"frozenset({'beer', 'butter', 'salt'})"
239,0.6745121705894186,"frozenset({'beer', 'butter', 'sugar'})"
240,0.6817541742104204,"frozenset({'beer', 'butter', 'tea'})"
241,0.6652584992959163,"frozenset({'beer', 'butter', 'tomatoes'})"
242,0.723999195332931,"frozenset({'beer', 'butter', 'vodka'})"
243,0.7014685174009254,"frozenset({'beer', 'butter', 'water'})"
244,0.700060350030175,"frozenset({'beer', 'butter', 'wine'})"
245,0.68014484007242,"frozenset({'chocolate', 'beer', 'cheese'})"
246,0.6590223295111648,"frozenset({'beer', 'cheese', 'coca-cola'})"
247,0.6853751760209214,"frozenset({'beer', 'cheese', 'coffee'})"
248,0.7012673506336753,"frozenset({'eggs', 'beer', 'cheese'})"
249,0.6666666666666666,"frozenset({'beer', 'cheese', 'honey'})"
250,0.6572118286059143,"frozenset({'juice', 'beer', 'cheese'})"
251,0.6783343391671696,"frozenset({'beer', 'cheese', 'milk'})"
252,0.7014685174009254,"frozenset({'beer', 'pens', 'cheese'})"
253,0.6378998189499094,"frozenset({'beer', 'cheese', 'pepper'})"
254,0.6608328304164152,"frozenset({'beer', 'cheese', 'salt'})"
255,0.6415208207604104,"frozenset({'beer', 'cheese', 'sugar'})"
256,0.6491651579159123,"frozenset({'beer', 'cheese', 'tea'})"
257,0.647958157312412,"frozenset({'beer', 'cheese', 'tomatoes'})"
258,0.6954335143834238,"frozenset({'beer', 'cheese', 'vodka'})"
259,0.6549989941661637,"frozenset({'beer', 'cheese', 'water'})"
260,0.6682760008046671,"frozenset({'beer', 'cheese', 'wine'})"
261,0.676121504727419,"frozenset({'chocolate', 'beer', 'coca-cola'})"
262,0.6710923355461678,"frozenset({'chocolate', 'beer', 'coffee'})"
263,0.7058941862804264,"frozenset({'chocolate', 'beer', 'eggs'})"
264,0.6533896600281633,"frozenset({'chocolate', 'beer', 'honey'})"
265,0.6533896600281633,"frozenset({'chocolate', 'juice', 'beer'})"
266,0.6664654998994166,"frozenset({'chocolate', 'beer', 'milk'})"
267,0.6900020116676725,"frozenset({'chocolate', 'beer', 'pens'})"
268,0.6576141621404143,"frozenset({'chocolate', 'beer', 'pepper'})"
269,0.6662643331321666,"frozenset({'chocolate', 'beer', 'salt'})"
270,0.6387044860189097,"frozenset({'chocolate', 'beer', 'sugar'})"
271,0.6580164956749145,"frozenset({'chocolate', 'beer', 'tea'})"
272,0.6451418225709112,"frozenset({'chocolate', 'beer', 'tomatoes'})"
273,0.6936230134781735,"frozenset({'chocolate', 'beer', 'vodka'})"
274,0.6704888352444176,"frozenset({'chocolate', 'beer', 'water'})"
275,0.6656608328304164,"frozenset({'chocolate', 'beer', 'wine'})"
276,0.6684771675719171,"frozenset({'beer', 'coffee', 'coca-cola'})"
277,0.6924160128746731,"frozenset({'eggs', 'beer', 'coca-cola'})"
278,0.6515791591229129,"frozenset({'beer', 'honey', 'coca-cola'})"
279,0.6576141621404143,"frozenset({'juice', 'beer', 'coca-cola'})"
280,0.6714946690806679,"frozenset({'beer', 'milk', 'coca-cola'})"
281,0.6777308388654194,"frozenset({'beer', 'pens', 'coca-cola'})"
282,0.6574129953731643,"frozenset({'beer', 'pepper', 'coca-cola'})"
283,0.6654596660631663,"frozenset({'beer', 'coca-cola', 'salt'})"
284,0.6507744920539127,"frozenset({'beer', 'sugar', 'coca-cola'})"
285,0.6453429893381614,"frozenset({'beer', 'tea', 'coca-cola'})"
286,0.6700865017099176,"frozenset({'beer', 'tomatoes', 'coca-cola'})"
287,0.6891973445986723,"frozenset({'beer', 'vodka', 'coca-cola'})"
288,0.6938241802454235,"frozenset({'beer', 'coca-cola', 'water'})"
289,0.6926171796419232,"frozenset({'beer', 'coca-cola', 'wine'})"
290,0.7056930195131764,"frozenset({'eggs', 'beer', 'coffee'})"
291,0.6650573325286663,"frozenset({'beer', 'coffee', 'honey'})"
292,0.6722993361496681,"frozenset({'juice', 'beer', 'coffee'})"
293,0.6934218467109233,"frozenset({'beer', 'coffee', 'milk'})"
294,0.7071011868839268,"frozenset({'beer', 'pens', 'coffee'})"
295,0.6459464896399115,"frozenset({'beer', 'coffee', 'pepper'})"
296,0.6789378394689197,"frozenset({'beer', 'coffee', 'salt'})"
297,0.6485616576141622,"frozenset({'beer', 'coffee', 'sugar'})"
298,0.6698853349426674,"frozenset({'beer', 'coffee', 'tea'})"
299,0.6688795011064173,"frozenset({'beer', 'coffee', 'tomatoes'})"
300,0.684168175417421,"frozenset({'beer', 'coffee', 'vodka'})"
301,0.6696841681754174,"frozenset({'beer', 'coffee', 'water'})"
302,0.6875880104606719,"frozenset({'beer', 'coffee', 'wine'})"
303,0.6926171796419232,"frozenset({'eggs', 'beer', 'honey'})"
304,0.7062965198149266,"frozenset({'eggs', 'juice', 'beer'})"
305,0.7016696841681754,"frozenset({'eggs', 'beer', 'milk'})"
306,0.7231945282639308,"frozenset({'eggs', 'beer', 'pens'})"
307,0.6775296720981694,"frozenset({'eggs', 'beer', 'pepper'})"
308,0.696037014685174,"frozenset({'eggs', 'beer', 'salt'})"
309,0.656205994769664,"frozenset({'eggs', 'beer', 'sugar'})"
310,0.6938241802454235,"frozenset({'eggs', 'beer', 'tea'})"
311,0.684168175417421,"frozenset({'eggs', 'beer', 'tomatoes'})"
312,0.7117280225306779,"frozenset({'eggs', 'beer', 'vodka'})"
313,0.6942265137799235,"frozenset({'eggs', 'beer', 'water'})"
314,0.7217863608931805,"frozenset({'eggs', 'beer', 'wine'})"
315,0.6642526654596661,"frozenset({'juice', 'beer', 'honey'})"
316,0.6785355059344196,"frozenset({'beer', 'honey', 'milk'})"
317,0.6895996781331724,"frozenset({'beer', 'pens', 'honey'})"
318,0.6427278213639107,"frozenset({'beer', 'pepper', 'honey'})"
319,0.6704888352444176,"frozenset({'beer', 'honey', 'salt'})"
320,0.6222088111044055,"frozenset({'sugar', 'beer', 'honey'})"
321,0.6525849929591632,"frozenset({'beer', 'honey', 'tea'})"
322,0.6415208207604104,"frozenset({'beer', 'tomatoes', 'honey'})"
323,0.7016696841681754,"frozenset({'beer', 'vodka', 'honey'})"
324,0.6618386642526655,"frozenset({'beer', 'honey', 'water'})"
325,0.6749145041239187,"frozenset({'beer', 'honey', 'wine'})"
326,0.6821565077449205,"frozenset({'juice', 'beer', 'milk'})"
327,0.7032790183061758,"frozenset({'juice', 'beer', 'pens'})"
328,0.6594246630456648,"frozenset({'juice', 'beer', 'pepper'})"
329,0.660028163347415,"frozenset({'juice', 'beer', 'salt'})"
330,0.6288473144236573,"frozenset({'juice', 'beer', 'sugar'})"
331,0.6765238382619191,"frozenset({'juice', 'beer', 'tea'})"
332,0.6501709917521625,"frozenset({'juice', 'beer', 'tomatoes'})"
333,0.684369342184671,"frozenset({'juice', 'beer', 'vodka'})"
334,0.6674713337356669,"frozenset({'juice', 'beer', 'water'})"
335,0.6789378394689197,"frozenset({'juice', 'beer', 'wine'})"
336,0.699859183262925,"frozenset({'beer', 'pens', 'milk'})"
337,0.6491651579159123,"frozenset({'beer', 'pepper', 'milk'})"
338,0.6660631663649165,"frozenset({'beer', 'milk', 'salt'})"
339,0.6250251458459063,"frozenset({'beer', 'sugar', 'milk'})"
340,0.6710923355461678,"frozenset({'beer', 'milk', 'tea'})"
341,0.6787366727016697,"frozenset({'beer', 'tomatoes', 'milk'})"
342,0.6811506739086702,"frozenset({'beer', 'vodka', 'milk'})"
343,0.6739086702876684,"frozenset({'beer', 'milk', 'water'})"
344,0.6741098370549186,"frozenset({'beer', 'milk', 'wine'})"
345,0.6706900020116676,"frozenset({'beer', 'pens', 'pepper'})"
346,0.6789378394689197,"frozenset({'beer', 'pens', 'salt'})"
347,0.6586199959766647,"frozenset({'beer', 'pens', 'sugar'})"
348,0.6775296720981694,"frozenset({'beer', 'pens', 'tea'})"
349,0.6672701669684168,"frozenset({'beer', 'pens', 'tomatoes'})"
350,0.7022731844699256,"frozenset({'beer', 'pens', 'vodka'})"
351,0.67994367330517,"frozenset({'beer', 'pens', 'water'})"
352,0.695835847917924,"frozenset({'beer', 'pens', 'wine'})"
353,0.6378998189499094,"frozenset({'beer', 'pepper', 'salt'})"
354,0.6208006437336552,"frozenset({'beer', 'pepper', 'sugar'})"
355,0.6459464896399115,"frozenset({'beer', 'pepper', 'tea'})"
356,0.6288473144236573,"frozenset({'beer', 'tomatoes', 'pepper'})"
357,0.6622409977871656,"frozenset({'beer', 'vodka', 'pepper'})"
358,0.6614363307181653,"frozenset({'beer', 'pepper', 'water'})"
359,0.6568094950714142,"frozenset({'beer', 'pepper', 'wine'})"
360,0.6250251458459063,"frozenset({'beer', 'sugar', 'salt'})"
361,0.6658619995976665,"frozenset({'beer', 'tea', 'salt'})"
362,0.6620398310199155,"frozenset({'beer', 'tomatoes', 'salt'})"
363,0.6873868436934218,"frozenset({'beer', 'vodka', 'salt'})"
364,0.6493663246831624,"frozenset({'beer', 'salt', 'water'})"
365,0.6809495071414202,"frozenset({'beer', 'salt', 'wine'})"
366,0.6356869845101589,"frozenset({'beer', 'sugar', 'tea'})"
367,0.6244216455441561,"frozenset({'beer', 'tomatoes', 'sugar'})"
368,0.6648561657614163,"frozenset({'beer', 'vodka', 'sugar'})"
369,0.6531884932609133,"frozenset({'beer', 'sugar', 'water'})"
370,0.6507744920539127,"frozenset({'beer', 'sugar', 'wine'})"
371,0.6588211627439147,"frozenset({'beer', 'tomatoes', 'tea'})"
372,0.6811506739086702,"frozenset({'beer', 'vodka', 'tea'})"
373,0.6672701669684168,"frozenset({'beer', 'tea', 'water'})"
374,0.6727016696841682,"frozenset({'beer', 'tea', 'wine'})"
375,0.6582176624421645,"frozenset({'beer', 'vodka', 'tomatoes'})"
376,0.664051498692416,"frozenset({'beer', 'tomatoes', 'water'})"
377,0.6781331723999195,"frozenset({'beer', 'tomatoes', 'wine'})"
378,0.6831623415811708,"frozenset({'beer', 'vodka', 'water'})"
379,0.7046871856769261,"frozenset({'beer', 'vodka', 'wine'})"
380,0.6831623415811708,"frozenset({'wine', 'beer', 'water'})"
381,0.7169583584791792,"frozenset({'cheese', 'butter', 'bread'})"
382,0.7089116877891772,"frozenset({'chocolate', 'butter', 'bread'})"
383,0.7095151880909274,"frozenset({'butter', 'coca-cola', 'bread'})"
384,0.7024743512371756,"frozenset({'butter', 'coffee', 'bread'})"
385,0.732045866022933,"frozenset({'eggs', 'butter', 'bread'})"
386,0.6974451820559243,"frozenset({'butter', 'honey', 'bread'})"
387,0.6994568497284248,"frozenset({'juice', 'butter', 'bread'})"
388,0.7022731844699256,"frozenset({'butter', 'milk', 'bread'})"
389,0.7077046871856769,"frozenset({'pens', 'butter', 'bread'})"
390,0.6970428485214243,"frozenset({'butter', 'pepper', 'bread'})"
391,0.6934218467109233,"frozenset({'salt', 'butter', 'bread'})"
392,0.6904043452021726,"frozenset({'butter', 'sugar', 'bread'})"
393,0.7022731844699256,"frozenset({'tea', 'butter', 'bread'})"
394,0.684168175417421,"frozenset({'butter', 'tomatoes', 'bread'})"
395,0.728022530677932,"frozenset({'butter', 'vodka', 'bread'})"
396,0.6976463488231744,"frozenset({'butter', 'water', 'bread'})"
397,0.7050895192114263,"frozenset({'wine', 'butter', 'bread'})"
398,0.7101186883926776,"frozenset({'chocolate', 'cheese', 'bread'})"
399,0.7054918527459264,"frozenset({'cheese', 'coca-cola', 'bread'})"
400,0.7258096962381815,"frozenset({'cheese', 'coffee', 'bread'})"
401,0.7463287064976866,"frozenset({'eggs', 'cheese', 'bread'})"
402,0.7014685174009254,"frozenset({'cheese', 'honey', 'bread'})"
403,0.6970428485214243,"frozenset({'juice', 'cheese', 'bread'})"
404,0.7246026956346812,"frozenset({'cheese', 'milk', 'bread'})"
405,0.7229933614966807,"frozenset({'pens', 'cheese', 'bread'})"
406,0.6932206799436733,"frozenset({'cheese', 'pepper', 'bread'})"
407,0.7058941862804264,"frozenset({'cheese', 'salt', 'bread'})"
408,0.6813518406759204,"frozenset({'cheese', 'sugar', 'bread'})"
409,0.6891973445986723,"frozenset({'cheese', 'tea', 'bread'})"
410,0.6863810098571715,"frozenset({'cheese', 'tomatoes', 'bread'})"
411,0.7328505330919333,"frozenset({'cheese', 'vodka', 'bread'})"
412,0.6867833433916717,"frozenset({'cheese', 'water', 'bread'})"
413,0.699859183262925,"frozenset({'cheese', 'bread', 'wine'})"
414,0.7145443572721787,"frozenset({'chocolate', 'coca-cola', 'bread'})"
415,0.7030778515389258,"frozenset({'chocolate', 'coffee', 'bread'})"
416,0.7290283645141823,"frozenset({'chocolate', 'eggs', 'bread'})"
417,0.6658619995976665,"frozenset({'chocolate', 'honey', 'bread'})"
418,0.6777308388654194,"frozenset({'chocolate', 'juice', 'bread'})"
419,0.7062965198149266,"frozenset({'chocolate', 'milk', 'bread'})"
420,0.7024743512371756,"frozenset({'chocolate', 'pens', 'bread'})"
421,0.6916113458056729,"frozenset({'chocolate', 'pepper', 'bread'})"
422,0.6885938442969222,"frozenset({'chocolate', 'salt', 'bread'})"
423,0.6708911687789177,"frozenset({'chocolate', 'sugar', 'bread'})"
424,0.6898008449004225,"frozenset({'chocolate', 'tea', 'bread'})"
425,0.6757191711929189,"frozenset({'chocolate', 'tomatoes', 'bread'})"
426,0.7089116877891772,"frozenset({'chocolate', 'vodka', 'bread'})"
427,0.6857775095554215,"frozenset({'chocolate', 'water', 'bread'})"
428,0.6833635083484209,"frozenset({'chocolate', 'wine', 'bread'})"
429,0.7071011868839268,"frozenset({'coffee', 'coca-cola', 'bread'})"
430,0.7288271977469322,"frozenset({'eggs', 'coca-cola', 'bread'})"
431,0.6767250050291692,"frozenset({'coca-cola', 'honey', 'bread'})"
432,0.6789378394689197,"frozenset({'juice', 'coca-cola', 'bread'})"
433,0.7083081874874271,"frozenset({'coca-cola', 'milk', 'bread'})"
434,0.6976463488231744,"frozenset({'pens', 'coca-cola', 'bread'})"
435,0.7028766847716758,"frozenset({'pepper', 'coca-cola', 'bread'})"
436,0.6906055119694227,"frozenset({'salt', 'coca-cola', 'bread'})"
437,0.6889961778314222,"frozenset({'sugar', 'coca-cola', 'bread'})"
438,0.6763226714946691,"frozenset({'tea', 'coca-cola', 'bread'})"
439,0.6972440152886743,"frozenset({'tomatoes', 'coca-cola', 'bread'})"
440,0.7191711929189298,"frozenset({'vodka', 'coca-cola', 'bread'})"
441,0.7054918527459264,"frozenset({'water', 'coca-cola', 'bread'})"
442,0.7133373566686784,"frozenset({'wine', 'coca-cola', 'bread'})"
443,0.7384832025749346,"frozenset({'eggs', 'coffee', 'bread'})"
444,0.6869845101589217,"frozenset({'coffee', 'honey', 'bread'})"
445,0.6970428485214243,"frozenset({'juice', 'coffee', 'bread'})"
446,0.7338563669281835,"frozenset({'coffee', 'milk', 'bread'})"
447,0.7215851941259304,"frozenset({'pens', 'coffee', 'bread'})"
448,0.6789378394689197,"frozenset({'coffee', 'pepper', 'bread'})"
449,0.7016696841681754,"frozenset({'salt', 'coffee', 'bread'})"
450,0.6815530074431704,"frozenset({'coffee', 'sugar', 'bread'})"
451,0.7026755180044256,"frozenset({'tea', 'coffee', 'bread'})"
452,0.700060350030175,"frozenset({'coffee', 'tomatoes', 'bread'})"
453,0.7093140213236774,"frozenset({'coffee', 'vodka', 'bread'})"
454,0.6849728424864212,"frozenset({'coffee', 'water', 'bread'})"
455,0.7058941862804264,"frozenset({'wine', 'coffee', 'bread'})"
456,0.7099175216254274,"frozenset({'eggs', 'honey', 'bread'})"
457,0.7286260309796821,"frozenset({'eggs', 'juice', 'bread'})"
458,0.7384832025749346,"frozenset({'eggs', 'milk', 'bread'})"
459,0.7366727016696841,"frozenset({'eggs', 'pens', 'bread'})"
460,0.7252061959364313,"frozenset({'eggs', 'pepper', 'bread'})"
461,0.723798028565681,"frozenset({'eggs', 'salt', 'bread'})"
462,0.6887950110641722,"frozenset({'eggs', 'sugar', 'bread'})"
463,0.723798028565681,"frozenset({'eggs', 'tea', 'bread'})"
464,0.7127338563669282,"frozenset({'eggs', 'tomatoes', 'bread'})"
465,0.7326493663246831,"frozenset({'eggs', 'vodka', 'bread'})"
466,0.7083081874874271,"frozenset({'eggs', 'water', 'bread'})"
467,0.7362703681351841,"frozenset({'eggs', 'wine', 'bread'})"
468,0.6765238382619191,"frozenset({'juice', 'honey', 'bread'})"
469,0.7044860189096761,"frozenset({'honey', 'milk', 'bread'})"
470,0.7014685174009254,"frozenset({'pens', 'honey', 'bread'})"
471,0.6805471736069202,"frozenset({'pepper', 'honey', 'bread'})"
472,0.6968416817541742,"frozenset({'salt', 'honey', 'bread'})"
473,0.6445383222691611,"frozenset({'sugar', 'honey', 'bread'})"
474,0.6720981693824181,"frozenset({'tea', 'honey', 'bread'})"
475,0.6668678334339168,"frozenset({'tomatoes', 'honey', 'bread'})"
476,0.7117280225306779,"frozenset({'vodka', 'honey', 'bread'})"
477,0.6658619995976665,"frozenset({'water', 'honey', 'bread'})"
478,0.6791390062361697,"frozenset({'wine', 'honey', 'bread'})"
479,0.7040836853751761,"frozenset({'juice', 'milk', 'bread'})"
480,0.7103198551599276,"frozenset({'juice', 'pens', 'bread'})"
481,0.6926171796419232,"frozenset({'juice', 'pepper', 'bread'})"
482,0.6731040032186683,"frozenset({'juice', 'salt', 'bread'})"
483,0.6539931603299135,"frozenset({'juice', 'sugar', 'bread'})"
484,0.6916113458056729,"frozenset({'juice', 'tea', 'bread'})"
485,0.6634479983906658,"frozenset({'juice', 'tomatoes', 'bread'})"
486,0.7002615167974251,"frozenset({'juice', 'vodka', 'bread'})"
487,0.6729028364514182,"frozenset({'juice', 'water', 'bread'})"
488,0.6793401730034199,"frozenset({'wine', 'juice', 'bread'})"
489,0.7207805270569302,"frozenset({'pens', 'milk', 'bread'})"
490,0.6950311808489238,"frozenset({'pepper', 'milk', 'bread'})"
491,0.6928183464091732,"frozenset({'salt', 'milk', 'bread'})"
492,0.6652584992959163,"frozenset({'sugar', 'milk', 'bread'})"
493,0.7024743512371756,"frozenset({'tea', 'milk', 'bread'})"
494,0.7069000201166767,"frozenset({'tomatoes', 'milk', 'bread'})"
495,0.7109233554616777,"frozenset({'vodka', 'milk', 'bread'})"
496,0.6867833433916717,"frozenset({'water', 'milk', 'bread'})"
497,0.6964393482196741,"frozenset({'wine', 'milk', 'bread'})"
498,0.6853751760209214,"frozenset({'pens', 'pepper', 'bread'})"
499,0.6912090122711728,"frozenset({'pens', 'salt', 'bread'})"
500,0.6708911687789177,"frozenset({'pens', 'sugar', 'bread'})"
501,0.691812512572923,"frozenset({'pens', 'tea', 'bread'})"
502,0.687789177227922,"frozenset({'pens', 'tomatoes', 'bread'})"
503,0.7097163548581774,"frozenset({'pens', 'vodka', 'bread'})"
504,0.6873868436934218,"frozenset({'pens', 'water', 'bread'})"
505,0.6950311808489238,"frozenset({'pens', 'bread', 'wine'})"
506,0.6765238382619191,"frozenset({'salt', 'pepper', 'bread'})"
507,0.6545966606316637,"frozenset({'pepper', 'sugar', 'bread'})"
508,0.6859786763226715,"frozenset({'tea', 'pepper', 'bread'})"
509,0.6676725005029169,"frozenset({'tomatoes', 'pepper', 'bread'})"
510,0.7038825186079259,"frozenset({'vodka', 'pepper', 'bread'})"
511,0.6855763427881714,"frozenset({'water', 'pepper', 'bread'})"
512,0.6811506739086702,"frozenset({'wine', 'pepper', 'bread'})"
513,0.647958157312412,"frozenset({'salt', 'sugar', 'bread'})"
514,0.6861798430899215,"frozenset({'salt', 'tea', 'bread'})"
515,0.6891973445986723,"frozenset({'salt', 'tomatoes', 'bread'})"
516,0.7083081874874271,"frozenset({'salt', 'vodka', 'bread'})"
517,0.6537919935626635,"frozenset({'salt', 'water', 'bread'})"
518,0.6851740092536713,"frozenset({'wine', 'salt', 'bread'})"
519,0.6682760008046671,"frozenset({'tea', 'sugar', 'bread'})"
520,0.6547978273989137,"frozenset({'tomatoes', 'sugar', 'bread'})"
521,0.6910078455039228,"frozenset({'vodka', 'sugar', 'bread'})"
522,0.6682760008046671,"frozenset({'water', 'sugar', 'bread'})"
523,0.668074834037417,"frozenset({'wine', 'sugar', 'bread'})"
524,0.6805471736069202,"frozenset({'tea', 'tomatoes', 'bread'})"
525,0.7109233554616777,"frozenset({'tea', 'vodka', 'bread'})"
526,0.6795413397706699,"frozenset({'tea', 'water', 'bread'})"
527,0.6934218467109233,"frozenset({'wine', 'tea', 'bread'})"
528,0.6795413397706699,"frozenset({'vodka', 'tomatoes', 'bread'})"
529,0.6684771675719171,"frozenset({'water', 'tomatoes', 'bread'})"
530,0.6916113458056729,"frozenset({'wine', 'tomatoes', 'bread'})"
531,0.6964393482196741,"frozenset({'vodka', 'water', 'bread'})"
532,0.7189700261516797,"frozenset({'wine', 'vodka', 'bread'})"
533,0.6795413397706699,"frozenset({'wine', 'water', 'bread'})"
534,0.6934218467109233,"frozenset({'chocolate', 'cheese', 'butter'})"
535,0.6779320056326695,"frozenset({'cheese', 'butter', 'coca-cola'})"
536,0.7069000201166767,"frozenset({'cheese', 'butter', 'coffee'})"
537,0.7177630255481794,"frozenset({'eggs', 'cheese', 'butter'})"
538,0.700060350030175,"frozenset({'cheese', 'butter', 'honey'})"
539,0.6727016696841682,"frozenset({'juice', 'butter', 'cheese'})"
540,0.7073023536511768,"frozenset({'cheese', 'butter', 'milk'})"
541,0.7012673506336753,"frozenset({'pens', 'butter', 'cheese'})"
542,0.6789378394689197,"frozenset({'cheese', 'butter', 'pepper'})"
543,0.6805471736069202,"frozenset({'cheese', 'butter', 'salt'})"
544,0.6624421645544156,"frozenset({'cheese', 'butter', 'sugar'})"
545,0.6835646751156709,"frozenset({'cheese', 'butter', 'tea'})"
546,0.6775296720981694,"frozenset({'cheese', 'butter', 'tomatoes'})"
547,0.7231945282639308,"frozenset({'cheese', 'butter', 'vodka'})"
548,0.6751156708911688,"frozenset({'cheese', 'butter', 'water'})"
549,0.6863810098571715,"frozenset({'cheese', 'butter', 'wine'})"
550,0.692013679340173,"frozenset({'chocolate', 'butter', 'coca-cola'})"
551,0.6849728424864212,"frozenset({'chocolate', 'butter', 'coffee'})"
552,0.7187688593844297,"frozenset({'chocolate', 'butter', 'eggs'})"
553,0.6733051699859183,"frozenset({'chocolate', 'butter', 'honey'})"
554,0.6688795011064173,"frozenset({'chocolate', 'juice', 'butter'})"
555,0.6829611748139207,"frozenset({'chocolate', 'butter', 'milk'})"
556,0.6819553409776705,"frozenset({'chocolate', 'pens', 'butter'})"
557,0.6769261717964192,"frozenset({'chocolate', 'butter', 'pepper'})"
558,0.6636491651579159,"frozenset({'chocolate', 'salt', 'butter'})"
559,0.6509756588211627,"frozenset({'chocolate', 'butter', 'sugar'})"
560,0.6708911687789177,"frozenset({'chocolate', 'butter', 'tea'})"
561,0.6616374974854154,"frozenset({'chocolate', 'butter', 'tomatoes'})"
562,0.7165560249446792,"frozenset({'chocolate', 'butter', 'vodka'})"
563,0.6831623415811708,"frozenset({'chocolate', 'butter', 'water'})"
564,0.6791390062361697,"frozenset({'chocolate', 'butter', 'wine'})"
565,0.6819553409776705,"frozenset({'butter', 'coffee', 'coca-cola'})"
566,0.7129350231341782,"frozenset({'eggs', 'butter', 'coca-cola'})"
567,0.6785355059344196,"frozenset({'butter', 'honey', 'coca-cola'})"
568,0.6650573325286663,"frozenset({'juice', 'butter', 'coca-cola'})"
569,0.7038825186079259,"frozenset({'butter', 'milk', 'coca-cola'})"
570,0.6791390062361697,"frozenset({'pens', 'butter', 'coca-cola'})"
571,0.6916113458056729,"frozenset({'butter', 'pepper', 'coca-cola'})"
572,0.6785355059344196,"frozenset({'salt', 'butter', 'coca-cola'})"
573,0.6720981693824181,"frozenset({'butter', 'sugar', 'coca-cola'})"
574,0.6648561657614163,"frozenset({'tea', 'butter', 'coca-cola'})"
575,0.7020720177026755,"frozenset({'butter', 'tomatoes', 'coca-cola'})"
576,0.7191711929189298,"frozenset({'butter', 'vodka', 'coca-cola'})"
577,0.7155501911084289,"frozenset({'butter', 'coca-cola', 'water'})"
578,0.7211828605914303,"frozenset({'butter', 'coca-cola', 'wine'})"
579,0.7002615167974251,"frozenset({'eggs', 'butter', 'coffee'})"
580,0.6757191711929189,"frozenset({'butter', 'honey', 'coffee'})"
581,0.6787366727016697,"frozenset({'juice', 'butter', 'coffee'})"
582,0.7079058539529269,"frozenset({'butter', 'milk', 'coffee'})"
583,0.6914101790384228,"frozenset({'pens', 'butter', 'coffee'})"
584,0.6642526654596661,"frozenset({'butter', 'pepper', 'coffee'})"
585,0.6769261717964192,"frozenset({'salt', 'butter', 'coffee'})"
586,0.668074834037417,"frozenset({'butter', 'sugar', 'coffee'})"
587,0.6807483403741702,"frozenset({'tea', 'butter', 'coffee'})"
588,0.684168175417421,"frozenset({'butter', 'tomatoes', 'coffee'})"
589,0.6976463488231744,"frozenset({'butter', 'vodka', 'coffee'})"
590,0.6906055119694227,"frozenset({'butter', 'coffee', 'water'})"
591,0.6930195131764233,"frozenset({'butter', 'coffee', 'wine'})"
592,0.7115268557634279,"frozenset({'eggs', 'butter', 'honey'})"
593,0.695835847917924,"frozenset({'eggs', 'juice', 'butter'})"
594,0.7149466908066787,"frozenset({'eggs', 'butter', 'milk'})"
595,0.7147455240394287,"frozenset({'eggs', 'pens', 'butter'})"
596,0.6952323476161738,"frozenset({'eggs', 'butter', 'pepper'})"
597,0.6996580164956749,"frozenset({'eggs', 'salt', 'butter'})"
598,0.6827600080466707,"frozenset({'eggs', 'butter', 'sugar'})"
599,0.6964393482196741,"frozenset({'eggs', 'butter', 'tea'})"
600,0.6970428485214243,"frozenset({'eggs', 'butter', 'tomatoes'})"
601,0.7225910279621807,"frozenset({'eggs', 'butter', 'vodka'})"
602,0.6994568497284248,"frozenset({'eggs', 'butter', 'water'})"
603,0.7250050291691813,"frozenset({'eggs', 'butter', 'wine'})"
604,0.6690806678736673,"frozenset({'juice', 'butter', 'honey'})"
605,0.7066988533494267,"frozenset({'butter', 'honey', 'milk'})"
606,0.6906055119694227,"frozenset({'pens', 'butter', 'honey'})"
607,0.6775296720981694,"frozenset({'butter', 'pepper', 'honey'})"
608,0.6916113458056729,"frozenset({'salt', 'butter', 'honey'})"
609,0.6658619995976665,"frozenset({'sugar', 'butter', 'honey'})"
610,0.6706900020116676,"frozenset({'butter', 'honey', 'tea'})"
611,0.6698853349426674,"frozenset({'butter', 'tomatoes', 'honey'})"
612,0.7125326895996781,"frozenset({'butter', 'vodka', 'honey'})"
613,0.6831623415811708,"frozenset({'butter', 'honey', 'water'})"
614,0.6851740092536713,"frozenset({'butter', 'honey', 'wine'})"
615,0.6908066787366727,"frozenset({'juice', 'butter', 'milk'})"
616,0.6809495071414202,"frozenset({'juice', 'butter', 'pens'})"
617,0.6564071615369141,"frozenset({'juice', 'butter', 'pepper'})"
618,0.6568094950714142,"frozenset({'juice', 'butter', 'salt'})"
619,0.648360490846912,"frozenset({'juice', 'butter', 'sugar'})"
620,0.6729028364514182,"frozenset({'juice', 'butter', 'tea'})"
621,0.6586199959766647,"frozenset({'juice', 'butter', 'tomatoes'})"
622,0.692214846107423,"frozenset({'juice', 'butter', 'vodka'})"
623,0.6751156708911688,"frozenset({'juice', 'butter', 'water'})"
624,0.6702876684771676,"frozenset({'juice', 'butter', 'wine'})"
625,0.6942265137799235,"frozenset({'pens', 'butter', 'milk'})"
626,0.6847716757191712,"frozenset({'butter', 'pepper', 'milk'})"
627,0.6811506739086702,"frozenset({'salt', 'butter', 'milk'})"
628,0.6549989941661637,"frozenset({'butter', 'sugar', 'milk'})"
629,0.6910078455039228,"frozenset({'butter', 'milk', 'tea'})"
630,0.7123315228324281,"frozenset({'butter', 'tomatoes', 'milk'})"
631,0.7046871856769261,"frozenset({'butter', 'vodka', 'milk'})"
632,0.7054918527459264,"frozenset({'butter', 'milk', 'water'})"
633,0.695835847917924,"frozenset({'butter', 'milk', 'wine'})"
634,0.6783343391671696,"frozenset({'pens', 'butter', 'pepper'})"
635,0.6654596660631663,"frozenset({'pens', 'butter', 'salt'})"
636,0.6666666666666666,"frozenset({'pens', 'butter', 'sugar'})"
637,0.6694830014081674,"frozenset({'pens', 'butter', 'tea'})"
638,0.6630456648561658,"frozenset({'pens', 'butter', 'tomatoes'})"
639,0.6946288473144236,"frozenset({'pens', 'butter', 'vodka'})"
640,0.6906055119694227,"frozenset({'pens', 'butter', 'water'})"
641,0.6875880104606719,"frozenset({'pens', 'butter', 'wine'})"
642,0.6662643331321666,"frozenset({'salt', 'butter', 'pepper'})"
643,0.6652584992959163,"frozenset({'butter', 'pepper', 'sugar'})"
644,0.6710923355461678,"frozenset({'butter', 'pepper', 'tea'})"
645,0.6650573325286663,"frozenset({'butter', 'tomatoes', 'pepper'})"
646,0.6887950110641722,"frozenset({'butter', 'vodka', 'pepper'})"
647,0.6891973445986723,"frozenset({'butter', 'pepper', 'water'})"
648,0.6741098370549186,"frozenset({'butter', 'pepper', 'wine'})"
649,0.6475558237779119,"frozenset({'salt', 'butter', 'sugar'})"
650,0.6783343391671696,"frozenset({'salt', 'butter', 'tea'})"
651,0.6777308388654194,"frozenset({'salt', 'butter', 'tomatoes'})"
652,0.692013679340173,"frozenset({'salt', 'butter', 'vodka'})"
653,0.663850331925166,"frozenset({'salt', 'butter', 'water'})"
654,0.6845705089519212,"frozenset({'salt', 'butter', 'wine'})"
655,0.6626433313216656,"frozenset({'butter', 'sugar', 'tea'})"
656,0.6537919935626635,"frozenset({'butter', 'tomatoes', 'sugar'})"
657,0.6853751760209214,"frozenset({'butter', 'vodka', 'sugar'})"
658,0.67994367330517,"frozenset({'butter', 'sugar', 'water'})"
659,0.6694830014081674,"frozenset({'butter', 'sugar', 'wine'})"
660,0.6783343391671696,"frozenset({'butter', 'tomatoes', 'tea'})"
661,0.7006638503319251,"frozenset({'butter', 'vodka', 'tea'})"
662,0.6789378394689197,"frozenset({'tea', 'butter', 'water'})"
663,0.6747133373566687,"frozenset({'tea', 'butter', 'wine'})"
664,0.6809495071414202,"frozenset({'vodka', 'butter', 'tomatoes'})"
665,0.696037014685174,"frozenset({'butter', 'tomatoes', 'water'})"
666,0.7014685174009254,"frozenset({'butter', 'tomatoes', 'wine'})"
667,0.7050895192114263,"frozenset({'butter', 'vodka', 'water'})"
668,0.723798028565681,"frozenset({'butter', 'vodka', 'wine'})"
669,0.6968416817541742,"frozenset({'butter', 'water', 'wine'})"
670,0.6889961778314222,"frozenset({'chocolate', 'cheese', 'coca-cola'})"
671,0.6912090122711728,"frozenset({'chocolate', 'cheese', 'coffee'})"
672,0.7169583584791792,"frozenset({'chocolate', 'cheese', 'eggs'})"
673,0.6628444980889157,"frozenset({'chocolate', 'cheese', 'honey'})"
674,0.6543954938644136,"frozenset({'chocolate', 'juice', 'cheese'})"
675,0.7010661838664253,"frozenset({'chocolate', 'cheese', 'milk'})"
676,0.6883926775296721,"frozenset({'chocolate', 'pens', 'cheese'})"
677,0.660229330114665,"frozenset({'chocolate', 'cheese', 'pepper'})"
678,0.6684771675719171,"frozenset({'chocolate', 'cheese', 'salt'})"
679,0.6612351639509153,"frozenset({'chocolate', 'cheese', 'sugar'})"
680,0.6582176624421645,"frozenset({'chocolate', 'cheese', 'tea'})"
681,0.6541943270971635,"frozenset({'chocolate', 'cheese', 'tomatoes'})"
682,0.7115268557634279,"frozenset({'chocolate', 'cheese', 'vodka'})"
683,0.6531884932609133,"frozenset({'chocolate', 'cheese', 'water'})"
684,0.6594246630456648,"frozenset({'chocolate', 'cheese', 'wine'})"
685,0.695835847917924,"frozenset({'cheese', 'coffee', 'coca-cola'})"
686,0.6986521826594246,"frozenset({'eggs', 'cheese', 'coca-cola'})"
687,0.6549989941661637,"frozenset({'cheese', 'honey', 'coca-cola'})"
688,0.6491651579159123,"frozenset({'juice', 'cheese', 'coca-cola'})"
689,0.7036813518406759,"frozenset({'cheese', 'milk', 'coca-cola'})"
690,0.6835646751156709,"frozenset({'pens', 'cheese', 'coca-cola'})"
691,0.6771273385636692,"frozenset({'cheese', 'pepper', 'coca-cola'})"
692,0.6704888352444176,"frozenset({'salt', 'cheese', 'coca-cola'})"
693,0.6674713337356669,"frozenset({'cheese', 'sugar', 'coca-cola'})"
694,0.6499698249849125,"frozenset({'cheese', 'tea', 'coca-cola'})"
695,0.6731040032186683,"frozenset({'cheese', 'tomatoes', 'coca-cola'})"
696,0.7109233554616777,"frozenset({'cheese', 'vodka', 'coca-cola'})"
697,0.6672701669684168,"frozenset({'cheese', 'coca-cola', 'water'})"
698,0.6873868436934218,"frozenset({'cheese', 'coca-cola', 'wine'})"
699,0.7095151880909274,"frozenset({'eggs', 'cheese', 'coffee'})"
700,0.6837658418829209,"frozenset({'cheese', 'coffee', 'honey'})"
701,0.6902031784349225,"frozenset({'juice', 'cheese', 'coffee'})"
702,0.7330516998591833,"frozenset({'cheese', 'coffee', 'milk'})"
703,0.7103198551599276,"frozenset({'pens', 'cheese', 'coffee'})"
704,0.6735063367531684,"frozenset({'cheese', 'coffee', 'pepper'})"
705,0.6902031784349225,"frozenset({'cheese', 'coffee', 'salt'})"
706,0.6873868436934218,"frozenset({'cheese', 'coffee', 'sugar'})"
707,0.6962381814524241,"frozenset({'cheese', 'coffee', 'tea'})"
708,0.7050895192114263,"frozenset({'cheese', 'coffee', 'tomatoes'})"
709,0.7133373566686784,"frozenset({'cheese', 'coffee', 'vodka'})"
710,0.6829611748139207,"frozenset({'cheese', 'coffee', 'water'})"
711,0.7002615167974251,"frozenset({'cheese', 'coffee', 'wine'})"
712,0.7066988533494267,"frozenset({'eggs', 'cheese', 'honey'})"
713,0.6934218467109233,"frozenset({'eggs', 'juice', 'cheese'})"
714,0.7113256889961779,"frozenset({'eggs', 'cheese', 'milk'})"
715,0.7177630255481794,"frozenset({'eggs', 'pens', 'cheese'})"
716,0.692214846107423,"frozenset({'eggs', 'cheese', 'pepper'})"
717,0.6924160128746731,"frozenset({'eggs', 'cheese', 'salt'})"
718,0.6749145041239187,"frozenset({'eggs', 'cheese', 'sugar'})"
719,0.692013679340173,"frozenset({'eggs', 'cheese', 'tea'})"
720,0.6795413397706699,"frozenset({'eggs', 'cheese', 'tomatoes'})"
721,0.728223697445182,"frozenset({'eggs', 'cheese', 'vodka'})"
722,0.68014484007242,"frozenset({'eggs', 'cheese', 'water'})"
723,0.7022731844699256,"frozenset({'eggs', 'cheese', 'wine'})"
724,0.6545966606316637,"frozenset({'juice', 'cheese', 'honey'})"
725,0.7014685174009254,"frozenset({'cheese', 'honey', 'milk'})"
726,0.6795413397706699,"frozenset({'pens', 'cheese', 'honey'})"
727,0.6660631663649165,"frozenset({'cheese', 'pepper', 'honey'})"
728,0.6773285053309194,"frozenset({'cheese', 'honey', 'salt'})"
729,0.648159324079662,"frozenset({'sugar', 'cheese', 'honey'})"
730,0.6564071615369141,"frozenset({'cheese', 'honey', 'tea'})"
731,0.6541943270971635,"frozenset({'cheese', 'tomatoes', 'honey'})"
732,0.7026755180044256,"frozenset({'cheese', 'vodka', 'honey'})"
733,0.6535908267954134,"frozenset({'cheese', 'honey', 'water'})"
734,0.656205994769664,"frozenset({'cheese', 'honey', 'wine'})"
735,0.6855763427881714,"frozenset({'juice', 'cheese', 'milk'})"
736,0.6737075035204184,"frozenset({'juice', 'pens', 'cheese'})"
737,0.6543954938644136,"frozenset({'juice', 'cheese', 'pepper'})"
738,0.6533896600281633,"frozenset({'juice', 'cheese', 'salt'})"
739,0.6405149869241601,"frozenset({'juice', 'cheese', 'sugar'})"
740,0.651981492657413,"frozenset({'juice', 'cheese', 'tea'})"
741,0.6525849929591632,"frozenset({'juice', 'cheese', 'tomatoes'})"
742,0.6694830014081674,"frozenset({'juice', 'cheese', 'vodka'})"
743,0.6461476564071615,"frozenset({'juice', 'cheese', 'water'})"
744,0.6566083283041642,"frozenset({'juice', 'cheese', 'wine'})"
745,0.7103198551599276,"frozenset({'pens', 'cheese', 'milk'})"
746,0.6900020116676725,"frozenset({'cheese', 'pepper', 'milk'})"
747,0.6898008449004225,"frozenset({'cheese', 'milk', 'salt'})"
748,0.6789378394689197,"frozenset({'cheese', 'sugar', 'milk'})"
749,0.6954335143834238,"frozenset({'cheese', 'milk', 'tea'})"
750,0.7016696841681754,"frozenset({'cheese', 'tomatoes', 'milk'})"
751,0.7143431905049286,"frozenset({'cheese', 'vodka', 'milk'})"
752,0.6853751760209214,"frozenset({'cheese', 'milk', 'water'})"
753,0.6797425065379199,"frozenset({'cheese', 'milk', 'wine'})"
754,0.6690806678736673,"frozenset({'pens', 'cheese', 'pepper'})"
755,0.6783343391671696,"frozenset({'pens', 'cheese', 'salt'})"
756,0.6674713337356669,"frozenset({'pens', 'cheese', 'sugar'})"
757,0.6749145041239187,"frozenset({'pens', 'cheese', 'tea'})"
758,0.6805471736069202,"frozenset({'pens', 'cheese', 'tomatoes'})"
759,0.7034801850734259,"frozenset({'pens', 'cheese', 'vodka'})"
760,0.6731040032186683,"frozenset({'pens', 'cheese', 'water'})"
761,0.6847716757191712,"frozenset({'pens', 'cheese', 'wine'})"
762,0.6556024944679139,"frozenset({'cheese', 'pepper', 'salt'})"
763,0.6393079863206599,"frozenset({'cheese', 'pepper', 'sugar'})"
764,0.6525849929591632,"frozenset({'cheese', 'pepper', 'tea'})"
765,0.6527861597264132,"frozenset({'cheese', 'tomatoes', 'pepper'})"
766,0.6813518406759204,"frozenset({'cheese', 'vodka', 'pepper'})"
767,0.6690806678736673,"frozenset({'cheese', 'pepper', 'water'})"
768,0.6549989941661637,"frozenset({'cheese', 'pepper', 'wine'})"
769,0.6364916515791591,"frozenset({'cheese', 'sugar', 'salt'})"
770,0.6646549989941661,"frozenset({'cheese', 'tea', 'salt'})"
771,0.6682760008046671,"frozenset({'cheese', 'tomatoes', 'salt'})"
772,0.6906055119694227,"frozenset({'cheese', 'vodka', 'salt'})"
773,0.6415208207604104,"frozenset({'cheese', 'salt', 'water'})"
774,0.6554013277006638,"frozenset({'cheese', 'salt', 'wine'})"
775,0.652182659424663,"frozenset({'cheese', 'sugar', 'tea'})"
776,0.6501709917521625,"frozenset({'cheese', 'tomatoes', 'sugar'})"
777,0.6767250050291692,"frozenset({'cheese', 'vodka', 'sugar'})"
778,0.6475558237779119,"frozenset({'cheese', 'sugar', 'water'})"
779,0.6509756588211627,"frozenset({'cheese', 'sugar', 'wine'})"
780,0.664051498692416,"frozenset({'cheese', 'tomatoes', 'tea'})"
781,0.687990343995172,"frozenset({'cheese', 'vodka', 'tea'})"
782,0.6624421645544156,"frozenset({'cheese', 'tea', 'water'})"
783,0.6666666666666666,"frozenset({'cheese', 'tea', 'wine'})"
784,0.6670690002011668,"frozenset({'vodka', 'cheese', 'tomatoes'})"
785,0.6552001609334138,"frozenset({'cheese', 'tomatoes', 'water'})"
786,0.6694830014081674,"frozenset({'cheese', 'tomatoes', 'wine'})"
787,0.6827600080466707,"frozenset({'cheese', 'vodka', 'water'})"
788,0.7022731844699256,"frozenset({'cheese', 'vodka', 'wine'})"
789,0.6547978273989137,"frozenset({'cheese', 'water', 'wine'})"
790,0.6944276805471736,"frozenset({'chocolate', 'coffee', 'coca-cola'})"
791,0.7010661838664253,"frozenset({'chocolate', 'eggs', 'coca-cola'})"
792,0.6459464896399115,"frozenset({'chocolate', 'honey', 'coca-cola'})"
793,0.6656608328304164,"frozenset({'chocolate', 'juice', 'coca-cola'})"
794,0.6966405149869241,"frozenset({'chocolate', 'milk', 'coca-cola'})"
795,0.6745121705894186,"frozenset({'chocolate', 'pens', 'coca-cola'})"
796,0.6793401730034199,"frozenset({'chocolate', 'pepper', 'coca-cola'})"
797,0.6642526654596661,"frozenset({'chocolate', 'salt', 'coca-cola'})"
798,0.6749145041239187,"frozenset({'chocolate', 'sugar', 'coca-cola'})"
799,0.6608328304164152,"frozenset({'chocolate', 'tea', 'coca-cola'})"
800,0.6763226714946691,"frozenset({'chocolate', 'tomatoes', 'coca-cola'})"
801,0.7145443572721787,"frozenset({'chocolate', 'vodka', 'coca-cola'})"
802,0.6861798430899215,"frozenset({'chocolate', 'coca-cola', 'water'})"
803,0.6924160128746731,"frozenset({'chocolate', 'coca-cola', 'wine'})"
804,0.7052906859786763,"frozenset({'chocolate', 'coffee', 'eggs'})"
805,0.6497686582176624,"frozenset({'chocolate', 'coffee', 'honey'})"
806,0.6566083283041642,"frozenset({'chocolate', 'juice', 'coffee'})"
807,0.7036813518406759,"frozenset({'chocolate', 'coffee', 'milk'})"
808,0.6789378394689197,"frozenset({'chocolate', 'pens', 'coffee'})"
809,0.6572118286059143,"frozenset({'chocolate', 'coffee', 'pepper'})"
810,0.6769261717964192,"frozenset({'chocolate', 'salt', 'coffee'})"
811,0.6539931603299135,"frozenset({'chocolate', 'coffee', 'sugar'})"
812,0.6688795011064173,"frozenset({'chocolate', 'coffee', 'tea'})"
813,0.6735063367531684,"frozenset({'chocolate', 'coffee', 'tomatoes'})"
814,0.6924160128746731,"frozenset({'chocolate', 'coffee', 'vodka'})"
815,0.6700865017099176,"frozenset({'chocolate', 'coffee', 'water'})"
816,0.6783343391671696,"frozenset({'chocolate', 'coffee', 'wine'})"
817,0.6785355059344196,"frozenset({'chocolate', 'honey', 'eggs'})"
818,0.6805471736069202,"frozenset({'chocolate', 'juice', 'eggs'})"
819,0.7034801850734259,"frozenset({'chocolate', 'milk', 'eggs'})"
820,0.7032790183061758,"frozenset({'chocolate', 'pens', 'eggs'})"
821,0.6912090122711728,"frozenset({'chocolate', 'pepper', 'eggs'})"
822,0.6857775095554215,"frozenset({'chocolate', 'salt', 'eggs'})"
823,0.6710923355461678,"frozenset({'chocolate', 'sugar', 'eggs'})"
824,0.6930195131764233,"frozenset({'chocolate', 'eggs', 'tea'})"
825,0.6813518406759204,"frozenset({'chocolate', 'tomatoes', 'eggs'})"
826,0.7115268557634279,"frozenset({'chocolate', 'vodka', 'eggs'})"
827,0.6869845101589217,"frozenset({'chocolate', 'eggs', 'water'})"
828,0.7020720177026755,"frozenset({'chocolate', 'eggs', 'wine'})"
829,0.623818145242406,"frozenset({'chocolate', 'juice', 'honey'})"
830,0.6650573325286663,"frozenset({'chocolate', 'honey', 'milk'})"
831,0.6648561657614163,"frozenset({'chocolate', 'pens', 'honey'})"
832,0.6453429893381614,"frozenset({'chocolate', 'pepper', 'honey'})"
833,0.6507744920539127,"frozenset({'chocolate', 'salt', 'honey'})"
834,0.6171796419231543,"frozenset({'chocolate', 'sugar', 'honey'})"
835,0.6322671494669081,"frozenset({'chocolate', 'honey', 'tea'})"
836,0.6179843089921545,"frozenset({'chocolate', 'tomatoes', 'honey'})"
837,0.6755180044256689,"frozenset({'chocolate', 'vodka', 'honey'})"
838,0.6326694830014081,"frozenset({'chocolate', 'honey', 'water'})"
839,0.6286461476564071,"frozenset({'chocolate', 'honey', 'wine'})"
840,0.6743110038221686,"frozenset({'chocolate', 'juice', 'milk'})"
841,0.6610339971836653,"frozenset({'chocolate', 'juice', 'pens'})"
842,0.6485616576141622,"frozenset({'chocolate', 'juice', 'pepper'})"
843,0.6310601488634078,"frozenset({'chocolate', 'juice', 'salt'})"
844,0.6183866425266547,"frozenset({'chocolate', 'juice', 'sugar'})"
845,0.6433313216656609,"frozenset({'chocolate', 'juice', 'tea'})"
846,0.6298531482599075,"frozenset({'chocolate', 'juice', 'tomatoes'})"
847,0.668074834037417,"frozenset({'chocolate', 'juice', 'vodka'})"
848,0.6431301548984107,"frozenset({'chocolate', 'juice', 'water'})"
849,0.6437336552001609,"frozenset({'chocolate', 'juice', 'wine'})"
850,0.6819553409776705,"frozenset({'chocolate', 'pens', 'milk'})"
851,0.6624421645544156,"frozenset({'chocolate', 'pepper', 'milk'})"
852,0.6642526654596661,"frozenset({'chocolate', 'salt', 'milk'})"
853,0.6485616576141622,"frozenset({'chocolate', 'sugar', 'milk'})"
854,0.6718970026151679,"frozenset({'chocolate', 'milk', 'tea'})"
855,0.6757191711929189,"frozenset({'chocolate', 'tomatoes', 'milk'})"
856,0.6988533494266748,"frozenset({'chocolate', 'vodka', 'milk'})"
857,0.6658619995976665,"frozenset({'chocolate', 'milk', 'water'})"
858,0.6652584992959163,"frozenset({'chocolate', 'milk', 'wine'})"
859,0.664051498692416,"frozenset({'chocolate', 'pens', 'pepper'})"
860,0.6652584992959163,"frozenset({'chocolate', 'pens', 'salt'})"
861,0.6459464896399115,"frozenset({'chocolate', 'pens', 'sugar'})"
862,0.6584188292094146,"frozenset({'chocolate', 'pens', 'tea'})"
863,0.652383826191913,"frozenset({'chocolate', 'pens', 'tomatoes'})"
864,0.6835646751156709,"frozenset({'chocolate', 'pens', 'vodka'})"
865,0.6620398310199155,"frozenset({'chocolate', 'pens', 'water'})"
866,0.6576141621404143,"frozenset({'chocolate', 'pens', 'wine'})"
867,0.6376986521826594,"frozenset({'chocolate', 'salt', 'pepper'})"
868,0.6421243210621606,"frozenset({'chocolate', 'pepper', 'sugar'})"
869,0.6535908267954134,"frozenset({'chocolate', 'pepper', 'tea'})"
870,0.6334741500704084,"frozenset({'chocolate', 'tomatoes', 'pepper'})"
871,0.6712935023134178,"frozenset({'chocolate', 'vodka', 'pepper'})"
872,0.6654596660631663,"frozenset({'chocolate', 'pepper', 'water'})"
873,0.6531884932609133,"frozenset({'chocolate', 'pepper', 'wine'})"
874,0.6244216455441561,"frozenset({'chocolate', 'salt', 'sugar'})"
875,0.6397103198551599,"frozenset({'chocolate', 'salt', 'tea'})"
876,0.6515791591229129,"frozenset({'chocolate', 'salt', 'tomatoes'})"
877,0.6549989941661637,"frozenset({'chocolate', 'salt', 'vodka'})"
878,0.6310601488634078,"frozenset({'chocolate', 'salt', 'water'})"
879,0.6463488231744116,"frozenset({'chocolate', 'salt', 'wine'})"
880,0.6433313216656609,"frozenset({'chocolate', 'sugar', 'tea'})"
881,0.6286461476564071,"frozenset({'chocolate', 'tomatoes', 'sugar'})"
882,0.6729028364514182,"frozenset({'chocolate', 'vodka', 'sugar'})"
883,0.644135988734661,"frozenset({'chocolate', 'sugar', 'water'})"
884,0.6387044860189097,"frozenset({'chocolate', 'sugar', 'wine'})"
885,0.6477569905451619,"frozenset({'chocolate', 'tomatoes', 'tea'})"
886,0.6636491651579159,"frozenset({'chocolate', 'vodka', 'tea'})"
887,0.6642526654596661,"frozenset({'chocolate', 'tea', 'water'})"
888,0.6527861597264132,"frozenset({'chocolate', 'tea', 'wine'})"
889,0.6515791591229129,"frozenset({'chocolate', 'vodka', 'tomatoes'})"
890,0.6449406558036612,"frozenset({'chocolate', 'tomatoes', 'water'})"
891,0.6525849929591632,"frozenset({'chocolate', 'tomatoes', 'wine'})"
892,0.6835646751156709,"frozenset({'chocolate', 'vodka', 'water'})"
893,0.6873868436934218,"frozenset({'chocolate', 'vodka', 'wine'})"
894,0.6632468316234158,"frozenset({'chocolate', 'wine', 'water'})"
895,0.7004626835646751,"frozenset({'eggs', 'coffee', 'coca-cola'})"
896,0.6493663246831624,"frozenset({'coffee', 'honey', 'coca-cola'})"
897,0.6608328304164152,"frozenset({'juice', 'coffee', 'coca-cola'})"
898,0.7151478575739287,"frozenset({'coffee', 'milk', 'coca-cola'})"
899,0.683967008650171,"frozenset({'pens', 'coffee', 'coca-cola'})"
900,0.6720981693824181,"frozenset({'coffee', 'pepper', 'coca-cola'})"
901,0.6755180044256689,"frozenset({'salt', 'coffee', 'coca-cola'})"
902,0.6606316636491651,"frozenset({'coffee', 'sugar', 'coca-cola'})"
903,0.664051498692416,"frozenset({'tea', 'coffee', 'coca-cola'})"
904,0.6980486823576745,"frozenset({'coffee', 'tomatoes', 'coca-cola'})"
905,0.6910078455039228,"frozenset({'coffee', 'vodka', 'coca-cola'})"
906,0.6934218467109233,"frozenset({'coffee', 'coca-cola', 'water'})"
907,0.6966405149869241,"frozenset({'coffee', 'coca-cola', 'wine'})"
908,0.684369342184671,"frozenset({'eggs', 'honey', 'coca-cola'})"
909,0.683967008650171,"frozenset({'eggs', 'juice', 'coca-cola'})"
910,0.7219875276604305,"frozenset({'eggs', 'milk', 'coca-cola'})"
911,0.6982498491249246,"frozenset({'eggs', 'pens', 'coca-cola'})"
912,0.7044860189096761,"frozenset({'eggs', 'pepper', 'coca-cola'})"
913,0.692214846107423,"frozenset({'eggs', 'salt', 'coca-cola'})"
914,0.683967008650171,"frozenset({'eggs', 'sugar', 'coca-cola'})"
915,0.6855763427881714,"frozenset({'eggs', 'coca-cola', 'tea'})"
916,0.711929189297928,"frozenset({'eggs', 'tomatoes', 'coca-cola'})"
917,0.7052906859786763,"frozenset({'eggs', 'vodka', 'coca-cola'})"
918,0.7099175216254274,"frozenset({'eggs', 'coca-cola', 'water'})"
919,0.736069201367934,"frozenset({'eggs', 'coca-cola', 'wine'})"
920,0.6314624823979079,"frozenset({'juice', 'honey', 'coca-cola'})"
921,0.688191510762422,"frozenset({'honey', 'milk', 'coca-cola'})"
922,0.6648561657614163,"frozenset({'pens', 'honey', 'coca-cola'})"
923,0.6592234962784148,"frozenset({'pepper', 'honey', 'coca-cola'})"
924,0.6733051699859183,"frozenset({'salt', 'honey', 'coca-cola'})"
925,0.6332729833031583,"frozenset({'sugar', 'honey', 'coca-cola'})"
926,0.6344799839066586,"frozenset({'tea', 'honey', 'coca-cola'})"
927,0.6660631663649165,"frozenset({'tomatoes', 'honey', 'coca-cola'})"
928,0.6775296720981694,"frozenset({'vodka', 'honey', 'coca-cola'})"
929,0.6592234962784148,"frozenset({'coca-cola', 'honey', 'water'})"
930,0.6714946690806679,"frozenset({'coca-cola', 'honey', 'wine'})"
931,0.6865821766244217,"frozenset({'juice', 'milk', 'coca-cola'})"
932,0.6552001609334138,"frozenset({'juice', 'pens', 'coca-cola'})"
933,0.6541943270971635,"frozenset({'juice', 'pepper', 'coca-cola'})"
934,0.6306578153289076,"frozenset({'juice', 'coca-cola', 'salt'})"
935,0.6300543150271575,"frozenset({'juice', 'sugar', 'coca-cola'})"
936,0.6378998189499094,"frozenset({'juice', 'tea', 'coca-cola'})"
937,0.6549989941661637,"frozenset({'juice', 'tomatoes', 'coca-cola'})"
938,0.6737075035204184,"frozenset({'juice', 'vodka', 'coca-cola'})"
939,0.6662643331321666,"frozenset({'juice', 'coca-cola', 'water'})"
940,0.6698853349426674,"frozenset({'juice', 'coca-cola', 'wine'})"
941,0.6948300140816737,"frozenset({'pens', 'milk', 'coca-cola'})"
942,0.692214846107423,"frozenset({'pepper', 'milk', 'coca-cola'})"
943,0.6867833433916717,"frozenset({'salt', 'milk', 'coca-cola'})"
944,0.6702876684771676,"frozenset({'sugar', 'milk', 'coca-cola'})"
945,0.6753168376584189,"frozenset({'tea', 'milk', 'coca-cola'})"
946,0.7183665258499295,"frozenset({'tomatoes', 'milk', 'coca-cola'})"
947,0.7195735264534299,"frozenset({'vodka', 'milk', 'coca-cola'})"
948,0.7069000201166767,"frozenset({'coca-cola', 'milk', 'water'})"
949,0.7155501911084289,"frozenset({'coca-cola', 'milk', 'wine'})"
950,0.6789378394689197,"frozenset({'pens', 'pepper', 'coca-cola'})"
951,0.6656608328304164,"frozenset({'salt', 'pens', 'coca-cola'})"
952,0.6610339971836653,"frozenset({'pens', 'sugar', 'coca-cola'})"
953,0.643934821967411,"frozenset({'pens', 'tea', 'coca-cola'})"
954,0.6783343391671696,"frozenset({'pens', 'tomatoes', 'coca-cola'})"
955,0.67994367330517,"frozenset({'pens', 'vodka', 'coca-cola'})"
956,0.6863810098571715,"frozenset({'pens', 'coca-cola', 'water'})"
957,0.6847716757191712,"frozenset({'pens', 'coca-cola', 'wine'})"
958,0.659625829812915,"frozenset({'salt', 'pepper', 'coca-cola'})"
959,0.6505733252866627,"frozenset({'pepper', 'sugar', 'coca-cola'})"
960,0.6622409977871656,"frozenset({'tea', 'pepper', 'coca-cola'})"
961,0.6714946690806679,"frozenset({'tomatoes', 'pepper', 'coca-cola'})"
962,0.6835646751156709,"frozenset({'vodka', 'pepper', 'coca-cola'})"
963,0.6825588412794207,"frozenset({'pepper', 'coca-cola', 'water'})"
964,0.6938241802454235,"frozenset({'pepper', 'coca-cola', 'wine'})"
965,0.6401126533896601,"frozenset({'salt', 'sugar', 'coca-cola'})"
966,0.6513779923556628,"frozenset({'salt', 'tea', 'coca-cola'})"
967,0.6912090122711728,"frozenset({'salt', 'tomatoes', 'coca-cola'})"
968,0.6849728424864212,"frozenset({'salt', 'vodka', 'coca-cola'})"
969,0.6656608328304164,"frozenset({'salt', 'coca-cola', 'water'})"
970,0.6875880104606719,"frozenset({'salt', 'coca-cola', 'wine'})"
971,0.6387044860189097,"frozenset({'tea', 'sugar', 'coca-cola'})"
972,0.6612351639509153,"frozenset({'tomatoes', 'sugar', 'coca-cola'})"
973,0.6712935023134178,"frozenset({'vodka', 'sugar', 'coca-cola'})"
974,0.6676725005029169,"frozenset({'sugar', 'coca-cola', 'water'})"
975,0.6666666666666666,"frozenset({'sugar', 'coca-cola', 'wine'})"
976,0.6702876684771676,"frozenset({'tea', 'tomatoes', 'coca-cola'})"
977,0.6831623415811708,"frozenset({'tea', 'vodka', 'coca-cola'})"
978,0.6775296720981694,"frozenset({'tea', 'coca-cola', 'water'})"
979,0.6813518406759204,"frozenset({'tea', 'coca-cola', 'wine'})"
980,0.6964393482196741,"frozenset({'vodka', 'tomatoes', 'coca-cola'})"
981,0.6966405149869241,"frozenset({'tomatoes', 'coca-cola', 'water'})"
982,0.7191711929189298,"frozenset({'tomatoes', 'coca-cola', 'wine'})"
983,0.7077046871856769,"frozenset({'vodka', 'coca-cola', 'water'})"
984,0.7191711929189298,"frozenset({'vodka', 'coca-cola', 'wine'})"
985,0.7183665258499295,"frozenset({'wine', 'coca-cola', 'water'})"
986,0.6885938442969222,"frozenset({'eggs', 'coffee', 'honey'})"
987,0.6988533494266748,"frozenset({'eggs', 'juice', 'coffee'})"
988,0.7185676926171797,"frozenset({'eggs', 'coffee', 'milk'})"
989,0.7205793602896802,"frozenset({'eggs', 'pens', 'coffee'})"
990,0.6835646751156709,"frozenset({'eggs', 'coffee', 'pepper'})"
991,0.6950311808489238,"frozenset({'eggs', 'salt', 'coffee'})"
992,0.6809495071414202,"frozenset({'eggs', 'coffee', 'sugar'})"
993,0.7046871856769261,"frozenset({'eggs', 'coffee', 'tea'})"
994,0.6932206799436733,"frozenset({'eggs', 'coffee', 'tomatoes'})"
995,0.7012673506336753,"frozenset({'eggs', 'coffee', 'vodka'})"
996,0.684369342184671,"frozenset({'eggs', 'coffee', 'water'})"
997,0.7143431905049286,"frozenset({'eggs', 'coffee', 'wine'})"
998,0.6618386642526655,"frozenset({'juice', 'coffee', 'honey'})"
999,0.7018708509354254,"frozenset({'coffee', 'honey', 'milk'})"
1000,0.6857775095554215,"frozenset({'pens', 'coffee', 'honey'})"
1001,0.6578153289076645,"frozenset({'coffee', 'pepper', 'honey'})"
1002,0.6702876684771676,"frozenset({'salt', 'coffee', 'honey'})"
1003,0.6399114866224099,"frozenset({'sugar', 'coffee', 'honey'})"
1004,0.659826996580165,"frozenset({'coffee', 'honey', 'tea'})"
1005,0.6574129953731643,"frozenset({'coffee', 'tomatoes', 'honey'})"
1006,0.6821565077449205,"frozenset({'coffee', 'vodka', 'honey'})"
1007,0.6511768255884128,"frozenset({'coffee', 'honey', 'water'})"
1008,0.6668678334339168,"frozenset({'coffee', 'honey', 'wine'})"
1009,0.7048883524441762,"frozenset({'juice', 'coffee', 'milk'})"
1010,0.6875880104606719,"frozenset({'juice', 'pens', 'coffee'})"
1011,0.6533896600281633,"frozenset({'juice', 'coffee', 'pepper'})"
1012,0.6616374974854154,"frozenset({'juice', 'coffee', 'salt'})"
1013,0.6395091530879099,"frozenset({'juice', 'coffee', 'sugar'})"
1014,0.6650573325286663,"frozenset({'juice', 'coffee', 'tea'})"
1015,0.6733051699859183,"frozenset({'juice', 'coffee', 'tomatoes'})"
1016,0.6706900020116676,"frozenset({'juice', 'coffee', 'vodka'})"
1017,0.6533896600281633,"frozenset({'juice', 'coffee', 'water'})"
1018,0.6861798430899215,"frozenset({'juice', 'coffee', 'wine'})"
1019,0.7258096962381815,"frozenset({'pens', 'coffee', 'milk'})"
1020,0.6924160128746731,"frozenset({'coffee', 'pepper', 'milk'})"
1021,0.691812512572923,"frozenset({'salt', 'coffee', 'milk'})"
1022,0.6690806678736673,"frozenset({'coffee', 'sugar', 'milk'})"
1023,0.7002615167974251,"frozenset({'coffee', 'milk', 'tea'})"
1024,0.716153691410179,"frozenset({'coffee', 'tomatoes', 'milk'})"
1025,0.7171595252464293,"frozenset({'coffee', 'vodka', 'milk'})"
1026,0.7022731844699256,"frozenset({'coffee', 'milk', 'water'})"
1027,0.7026755180044256,"frozenset({'coffee', 'milk', 'wine'})"
1028,0.6676725005029169,"frozenset({'pens', 'coffee', 'pepper'})"
1029,0.6875880104606719,"frozenset({'pens', 'coffee', 'salt'})"
1030,0.6650573325286663,"frozenset({'pens', 'coffee', 'sugar'})"
1031,0.6875880104606719,"frozenset({'pens', 'coffee', 'tea'})"
1032,0.6928183464091732,"frozenset({'pens', 'coffee', 'tomatoes'})"
1033,0.6994568497284248,"frozenset({'pens', 'coffee', 'vodka'})"
1034,0.6785355059344196,"frozenset({'pens', 'coffee', 'water'})"
1035,0.6954335143834238,"frozenset({'pens', 'coffee', 'wine'})"
1036,0.6568094950714142,"frozenset({'salt', 'coffee', 'pepper'})"
1037,0.6397103198551599,"frozenset({'coffee', 'pepper', 'sugar'})"
1038,0.6650573325286663,"frozenset({'coffee', 'pepper', 'tea'})"
1039,0.6634479983906658,"frozenset({'coffee', 'tomatoes', 'pepper'})"
1040,0.6620398310199155,"frozenset({'coffee', 'vodka', 'pepper'})"
1041,0.667873667270167,"frozenset({'coffee', 'pepper', 'water'})"
1042,0.6648561657614163,"frozenset({'coffee', 'pepper', 'wine'})"
1043,0.6391068195534098,"frozenset({'salt', 'coffee', 'sugar'})"
1044,0.6775296720981694,"frozenset({'salt', 'coffee', 'tea'})"
1045,0.6819553409776705,"frozenset({'salt', 'coffee', 'tomatoes'})"
1046,0.6823576745121706,"frozenset({'salt', 'coffee', 'vodka'})"
1047,0.6497686582176624,"frozenset({'salt', 'coffee', 'water'})"
1048,0.6769261717964192,"frozenset({'salt', 'coffee', 'wine'})"
1049,0.655803661235164,"frozenset({'coffee', 'sugar', 'tea'})"
1050,0.6531884932609133,"frozenset({'coffee', 'tomatoes', 'sugar'})"
1051,0.6606316636491651,"frozenset({'coffee', 'vodka', 'sugar'})"
1052,0.6622409977871656,"frozenset({'coffee', 'sugar', 'water'})"
1053,0.6541943270971635,"frozenset({'coffee', 'sugar', 'wine'})"
1054,0.6789378394689197,"frozenset({'coffee', 'tomatoes', 'tea'})"
1055,0.6900020116676725,"frozenset({'coffee', 'vodka', 'tea'})"
1056,0.6741098370549186,"frozenset({'tea', 'coffee', 'water'})"
1057,0.6902031784349225,"frozenset({'tea', 'coffee', 'wine'})"
1058,0.6785355059344196,"frozenset({'vodka', 'coffee', 'tomatoes'})"
1059,0.6767250050291692,"frozenset({'coffee', 'tomatoes', 'water'})"
1060,0.7026755180044256,"frozenset({'coffee', 'tomatoes', 'wine'})"
1061,0.6809495071414202,"frozenset({'coffee', 'vodka', 'water'})"
1062,0.7056930195131764,"frozenset({'coffee', 'vodka', 'wine'})"
1063,0.6831623415811708,"frozenset({'wine', 'coffee', 'water'})"
1064,0.6815530074431704,"frozenset({'eggs', 'juice', 'honey'})"
1065,0.72017702675518,"frozenset({'eggs', 'honey', 'milk'})"
1066,0.7131361899014282,"frozenset({'eggs', 'pens', 'honey'})"
1067,0.6891973445986723,"frozenset({'eggs', 'pepper', 'honey'})"
1068,0.7133373566686784,"frozenset({'eggs', 'salt', 'honey'})"
1069,0.6461476564071615,"frozenset({'eggs', 'sugar', 'honey'})"
1070,0.6779320056326695,"frozenset({'eggs', 'honey', 'tea'})"
1071,0.6827600080466707,"frozenset({'eggs', 'tomatoes', 'honey'})"
1072,0.7175618587809294,"frozenset({'eggs', 'vodka', 'honey'})"
1073,0.6712935023134178,"frozenset({'eggs', 'honey', 'water'})"
1074,0.7034801850734259,"frozenset({'eggs', 'honey', 'wine'})"
1075,0.7109233554616777,"frozenset({'eggs', 'juice', 'milk'})"
1076,0.7026755180044256,"frozenset({'eggs', 'juice', 'pens'})"
1077,0.6847716757191712,"frozenset({'eggs', 'juice', 'pepper'})"
1078,0.6867833433916717,"frozenset({'eggs', 'juice', 'salt'})"
1079,0.6381009857171596,"frozenset({'eggs', 'juice', 'sugar'})"
1080,0.6817541742104204,"frozenset({'eggs', 'juice', 'tea'})"
1081,0.6692818346409173,"frozenset({'eggs', 'juice', 'tomatoes'})"
1082,0.6964393482196741,"frozenset({'eggs', 'juice', 'vodka'})"
1083,0.6763226714946691,"frozenset({'eggs', 'juice', 'water'})"
1084,0.6916113458056729,"frozenset({'eggs', 'juice', 'wine'})"
1085,0.723798028565681,"frozenset({'eggs', 'pens', 'milk'})"
1086,0.7044860189096761,"frozenset({'eggs', 'pepper', 'milk'})"
1087,0.7002615167974251,"frozenset({'eggs', 'salt', 'milk'})"
1088,0.6682760008046671,"frozenset({'eggs', 'sugar', 'milk'})"
1089,0.7141420237376785,"frozenset({'eggs', 'milk', 'tea'})"
1090,0.7211828605914303,"frozenset({'eggs', 'tomatoes', 'milk'})"
1091,0.7073023536511768,"frozenset({'eggs', 'vodka', 'milk'})"
1092,0.6988533494266748,"frozenset({'eggs', 'milk', 'water'})"
1093,0.7189700261516797,"frozenset({'eggs', 'milk', 'wine'})"
1094,0.699859183262925,"frozenset({'eggs', 'pens', 'pepper'})"
1095,0.7038825186079259,"frozenset({'eggs', 'pens', 'salt'})"
1096,0.6716958358479179,"frozenset({'eggs', 'pens', 'sugar'})"
1097,0.684369342184671,"frozenset({'eggs', 'pens', 'tea'})"
1098,0.6906055119694227,"frozenset({'eggs', 'pens', 'tomatoes'})"
1099,0.6992556829611748,"frozenset({'eggs', 'pens', 'vodka'})"
1100,0.6948300140816737,"frozenset({'eggs', 'pens', 'water'})"
1101,0.7129350231341782,"frozenset({'eggs', 'pens', 'wine'})"
1102,0.6807483403741702,"frozenset({'eggs', 'salt', 'pepper'})"
1103,0.6616374974854154,"frozenset({'eggs', 'pepper', 'sugar'})"
1104,0.6779320056326695,"frozenset({'eggs', 'pepper', 'tea'})"
1105,0.6849728424864212,"frozenset({'eggs', 'tomatoes', 'pepper'})"
1106,0.6924160128746731,"frozenset({'eggs', 'vodka', 'pepper'})"
1107,0.6910078455039228,"frozenset({'eggs', 'pepper', 'water'})"
1108,0.7058941862804264,"frozenset({'eggs', 'pepper', 'wine'})"
1109,0.6455441561054114,"frozenset({'eggs', 'salt', 'sugar'})"
1110,0.6930195131764233,"frozenset({'eggs', 'salt', 'tea'})"
1111,0.6966405149869241,"frozenset({'eggs', 'salt', 'tomatoes'})"
1112,0.6982498491249246,"frozenset({'eggs', 'salt', 'vodka'})"
1113,0.6674713337356669,"frozenset({'eggs', 'salt', 'water'})"
1114,0.7089116877891772,"frozenset({'eggs', 'salt', 'wine'})"
1115,0.6529873264936632,"frozenset({'eggs', 'sugar', 'tea'})"
1116,0.6503721585194125,"frozenset({'eggs', 'tomatoes', 'sugar'})"
1117,0.6670690002011668,"frozenset({'eggs', 'vodka', 'sugar'})"
1118,0.667873667270167,"frozenset({'eggs', 'sugar', 'water'})"
1119,0.6783343391671696,"frozenset({'eggs', 'sugar', 'wine'})"
1120,0.692013679340173,"frozenset({'eggs', 'tomatoes', 'tea'})"
1121,0.7058941862804264,"frozenset({'eggs', 'vodka', 'tea'})"
1122,0.6817541742104204,"frozenset({'eggs', 'tea', 'water'})"
1123,0.7062965198149266,"frozenset({'eggs', 'tea', 'wine'})"
1124,0.6765238382619191,"frozenset({'eggs', 'vodka', 'tomatoes'})"
1125,0.6825588412794207,"frozenset({'eggs', 'tomatoes', 'water'})"
1126,0.7075035204184269,"frozenset({'eggs', 'tomatoes', 'wine'})"
1127,0.6889961778314222,"frozenset({'eggs', 'vodka', 'water'})"
1128,0.7294306980486823,"frozenset({'eggs', 'vodka', 'wine'})"
1129,0.7014685174009254,"frozenset({'eggs', 'wine', 'water'})"
1130,0.6747133373566687,"frozenset({'juice', 'honey', 'milk'})"
1131,0.667873667270167,"frozenset({'juice', 'pens', 'honey'})"
1132,0.6489639911486622,"frozenset({'juice', 'pepper', 'honey'})"
1133,0.6670690002011668,"frozenset({'juice', 'honey', 'salt'})"
1134,0.6115469724401529,"frozenset({'sugar', 'juice', 'honey'})"
1135,0.6511768255884128,"frozenset({'juice', 'honey', 'tea'})"
1136,0.6387044860189097,"frozenset({'juice', 'tomatoes', 'honey'})"
1137,0.6664654998994166,"frozenset({'juice', 'vodka', 'honey'})"
1138,0.6413196539931604,"frozenset({'juice', 'honey', 'water'})"
1139,0.6417219875276604,"frozenset({'juice', 'honey', 'wine'})"
1140,0.6994568497284248,"frozenset({'pens', 'honey', 'milk'})"
1141,0.6875880104606719,"frozenset({'pepper', 'honey', 'milk'})"
1142,0.7010661838664253,"frozenset({'salt', 'honey', 'milk'})"
1143,0.6435324884329109,"frozenset({'sugar', 'honey', 'milk'})"
1144,0.6855763427881714,"frozenset({'honey', 'milk', 'tea'})"
1145,0.7024743512371756,"frozenset({'tomatoes', 'honey', 'milk'})"
1146,0.6962381814524241,"frozenset({'vodka', 'honey', 'milk'})"
1147,0.6829611748139207,"frozenset({'honey', 'milk', 'water'})"
1148,0.688191510762422,"frozenset({'honey', 'milk', 'wine'})"
1149,0.6733051699859183,"frozenset({'pens', 'pepper', 'honey'})"
1150,0.6777308388654194,"frozenset({'pens', 'honey', 'salt'})"
1151,0.6545966606316637,"frozenset({'sugar', 'pens', 'honey'})"
1152,0.6642526654596661,"frozenset({'pens', 'honey', 'tea'})"
1153,0.6624421645544156,"frozenset({'pens', 'tomatoes', 'honey'})"
1154,0.6889961778314222,"frozenset({'pens', 'vodka', 'honey'})"
1155,0.6698853349426674,"frozenset({'pens', 'honey', 'water'})"
1156,0.6809495071414202,"frozenset({'pens', 'honey', 'wine'})"
1157,0.6718970026151679,"frozenset({'salt', 'pepper', 'honey'})"
1158,0.6272379802856568,"frozenset({'sugar', 'pepper', 'honey'})"
1159,0.6433313216656609,"frozenset({'pepper', 'honey', 'tea'})"
1160,0.6515791591229129,"frozenset({'pepper', 'tomatoes', 'honey'})"
1161,0.667873667270167,"frozenset({'pepper', 'vodka', 'honey'})"
1162,0.6578153289076645,"frozenset({'pepper', 'honey', 'water'})"
1163,0.643934821967411,"frozenset({'pepper', 'honey', 'wine'})"
1164,0.6270368135184068,"frozenset({'sugar', 'salt', 'honey'})"
1165,0.659826996580165,"frozenset({'salt', 'honey', 'tea'})"
1166,0.6722993361496681,"frozenset({'salt', 'tomatoes', 'honey'})"
1167,0.6984510158921746,"frozenset({'salt', 'vodka', 'honey'})"
1168,0.6586199959766647,"frozenset({'salt', 'honey', 'water'})"
1169,0.6807483403741702,"frozenset({'salt', 'honey', 'wine'})"
1170,0.6181854757594045,"frozenset({'sugar', 'honey', 'tea'})"
1171,0.6230134781734058,"frozenset({'sugar', 'tomatoes', 'honey'})"
1172,0.648360490846912,"frozenset({'sugar', 'vodka', 'honey'})"
1173,0.6358881512774089,"frozenset({'sugar', 'honey', 'water'})"
1174,0.6310601488634078,"frozenset({'sugar', 'honey', 'wine'})"
1175,0.6491651579159123,"frozenset({'tomatoes', 'honey', 'tea'})"
1176,0.6811506739086702,"frozenset({'vodka', 'honey', 'tea'})"
1177,0.6473546570106619,"frozenset({'tea', 'honey', 'water'})"
1178,0.652383826191913,"frozenset({'tea', 'honey', 'wine'})"
1179,0.6572118286059143,"frozenset({'vodka', 'tomatoes', 'honey'})"
1180,0.6545966606316637,"frozenset({'tomatoes', 'honey', 'water'})"
1181,0.6674713337356669,"frozenset({'tomatoes', 'honey', 'wine'})"
1182,0.6702876684771676,"frozenset({'vodka', 'honey', 'water'})"
1183,0.6906055119694227,"frozenset({'vodka', 'honey', 'wine'})"
1184,0.6457453228726614,"frozenset({'wine', 'honey', 'water'})"
1185,0.6805471736069202,"frozenset({'juice', 'pens', 'milk'})"
1186,0.6652584992959163,"frozenset({'juice', 'pepper', 'milk'})"
1187,0.6644538322269161,"frozenset({'juice', 'milk', 'salt'})"
1188,0.6389056527861597,"frozenset({'juice', 'sugar', 'milk'})"
1189,0.6825588412794207,"frozenset({'juice', 'milk', 'tea'})"
1190,0.6906055119694227,"frozenset({'juice', 'tomatoes', 'milk'})"
1191,0.6813518406759204,"frozenset({'juice', 'vodka', 'milk'})"
1192,0.6747133373566687,"frozenset({'juice', 'milk', 'water'})"
1193,0.6765238382619191,"frozenset({'juice', 'milk', 'wine'})"
1194,0.6590223295111648,"frozenset({'juice', 'pens', 'pepper'})"
1195,0.6574129953731643,"frozenset({'juice', 'pens', 'salt'})"
1196,0.6282438141219071,"frozenset({'juice', 'pens', 'sugar'})"
1197,0.6584188292094146,"frozenset({'juice', 'pens', 'tea'})"
1198,0.6467511567089117,"frozenset({'juice', 'pens', 'tomatoes'})"
1199,0.6664654998994166,"frozenset({'juice', 'pens', 'vodka'})"
1200,0.6584188292094146,"frozenset({'juice', 'pens', 'water'})"
1201,0.659826996580165,"frozenset({'juice', 'pens', 'wine'})"
1202,0.6437336552001609,"frozenset({'juice', 'pepper', 'salt'})"
1203,0.6288473144236573,"frozenset({'juice', 'pepper', 'sugar'})"
1204,0.6545966606316637,"frozenset({'juice', 'pepper', 'tea'})"
1205,0.6372963186481593,"frozenset({'juice', 'tomatoes', 'pepper'})"
1206,0.6626433313216656,"frozenset({'juice', 'vodka', 'pepper'})"
1207,0.6578153289076645,"frozenset({'juice', 'pepper', 'water'})"
1208,0.6413196539931604,"frozenset({'juice', 'pepper', 'wine'})"
1209,0.5988734661033998,"frozenset({'juice', 'sugar', 'salt'})"
1210,0.6586199959766647,"frozenset({'juice', 'tea', 'salt'})"
1211,0.6457453228726614,"frozenset({'juice', 'tomatoes', 'salt'})"
1212,0.6554013277006638,"frozenset({'juice', 'vodka', 'salt'})"
1213,0.6220076443371555,"frozenset({'juice', 'salt', 'water'})"
1214,0.6415208207604104,"frozenset({'juice', 'salt', 'wine'})"
1215,0.6268356467511567,"frozenset({'juice', 'sugar', 'tea'})"
1216,0.5994769664051499,"frozenset({'juice', 'tomatoes', 'sugar'})"
1217,0.6401126533896601,"frozenset({'juice', 'vodka', 'sugar'})"
1218,0.6250251458459063,"frozenset({'juice', 'sugar', 'water'})"
1219,0.6107423053711527,"frozenset({'juice', 'sugar', 'wine'})"
1220,0.6455441561054114,"frozenset({'juice', 'tomatoes', 'tea'})"
1221,0.6751156708911688,"frozenset({'juice', 'vodka', 'tea'})"
1222,0.6497686582176624,"frozenset({'juice', 'tea', 'water'})"
1223,0.6513779923556628,"frozenset({'juice', 'tea', 'wine'})"
1224,0.6381009857171596,"frozenset({'juice', 'vodka', 'tomatoes'})"
1225,0.6415208207604104,"frozenset({'juice', 'tomatoes', 'water'})"
1226,0.6608328304164152,"frozenset({'juice', 'tomatoes', 'wine'})"
1227,0.6648561657614163,"frozenset({'juice', 'vodka', 'water'})"
1228,0.6823576745121706,"frozenset({'juice', 'vodka', 'wine'})"
1229,0.6491651579159123,"frozenset({'wine', 'juice', 'water'})"
1230,0.6795413397706699,"frozenset({'pens', 'pepper', 'milk'})"
1231,0.6900020116676725,"frozenset({'pens', 'milk', 'salt'})"
1232,0.6588211627439147,"frozenset({'pens', 'sugar', 'milk'})"
1233,0.6855763427881714,"frozenset({'pens', 'milk', 'tea'})"
1234,0.7101186883926776,"frozenset({'pens', 'tomatoes', 'milk'})"
1235,0.6865821766244217,"frozenset({'pens', 'vodka', 'milk'})"
1236,0.6891973445986723,"frozenset({'pens', 'milk', 'water'})"
1237,0.6893985113659223,"frozenset({'pens', 'milk', 'wine'})"
1238,0.6682760008046671,"frozenset({'salt', 'pepper', 'milk'})"
1239,0.6433313216656609,"frozenset({'pepper', 'sugar', 'milk'})"
1240,0.6807483403741702,"frozenset({'pepper', 'milk', 'tea'})"
1241,0.6906055119694227,"frozenset({'tomatoes', 'pepper', 'milk'})"
1242,0.6759203379601689,"frozenset({'vodka', 'pepper', 'milk'})"
1243,0.6803460068396701,"frozenset({'pepper', 'milk', 'water'})"
1244,0.6763226714946691,"frozenset({'pepper', 'milk', 'wine'})"
1245,0.615771474552404,"frozenset({'salt', 'sugar', 'milk'})"
1246,0.6777308388654194,"frozenset({'salt', 'milk', 'tea'})"
1247,0.7010661838664253,"frozenset({'salt', 'tomatoes', 'milk'})"
1248,0.6791390062361697,"frozenset({'salt', 'vodka', 'milk'})"
1249,0.656004828002414,"frozenset({'salt', 'milk', 'water'})"
1250,0.6708911687789177,"frozenset({'salt', 'milk', 'wine'})"
1251,0.6385033192516596,"frozenset({'sugar', 'milk', 'tea'})"
1252,0.6543954938644136,"frozenset({'tomatoes', 'sugar', 'milk'})"
1253,0.6547978273989137,"frozenset({'vodka', 'sugar', 'milk'})"
1254,0.6564071615369141,"frozenset({'sugar', 'milk', 'water'})"
1255,0.6391068195534098,"frozenset({'sugar', 'milk', 'wine'})"
1256,0.6970428485214243,"frozenset({'tomatoes', 'milk', 'tea'})"
1257,0.7012673506336753,"frozenset({'vodka', 'milk', 'tea'})"
1258,0.6865821766244217,"frozenset({'tea', 'milk', 'water'})"
1259,0.6902031784349225,"frozenset({'tea', 'milk', 'wine'})"
1260,0.6990545161939248,"frozenset({'vodka', 'tomatoes', 'milk'})"
1261,0.6978475155904245,"frozenset({'tomatoes', 'milk', 'water'})"
1262,0.7097163548581774,"frozenset({'tomatoes', 'milk', 'wine'})"
1263,0.687990343995172,"frozenset({'vodka', 'milk', 'water'})"
1264,0.7091128545564273,"frozenset({'vodka', 'milk', 'wine'})"
1265,0.6883926775296721,"frozenset({'water', 'milk', 'wine'})"
1266,0.6549989941661637,"frozenset({'pens', 'pepper', 'salt'})"
1267,0.6372963186481593,"frozenset({'pens', 'pepper', 'sugar'})"
1268,0.6527861597264132,"frozenset({'pens', 'pepper', 'tea'})"
1269,0.659625829812915,"frozenset({'pens', 'tomatoes', 'pepper'})"
1270,0.6696841681754174,"frozenset({'pens', 'vodka', 'pepper'})"
1271,0.6775296720981694,"frozenset({'pens', 'pepper', 'water'})"
1272,0.6706900020116676,"frozenset({'pens', 'pepper', 'wine'})"
1273,0.6298531482599075,"frozenset({'pens', 'sugar', 'salt'})"
1274,0.6586199959766647,"frozenset({'pens', 'tea', 'salt'})"
1275,0.6716958358479179,"frozenset({'pens', 'tomatoes', 'salt'})"
1276,0.6722993361496681,"frozenset({'pens', 'vodka', 'salt'})"
1277,0.6443371555019111,"frozenset({'pens', 'salt', 'water'})"
1278,0.6735063367531684,"frozenset({'pens', 'salt', 'wine'})"
1279,0.6290484811909073,"frozenset({'pens', 'sugar', 'tea'})"
1280,0.6354858177429089,"frozenset({'pens', 'tomatoes', 'sugar'})"
1281,0.659625829812915,"frozenset({'pens', 'vodka', 'sugar'})"
1282,0.656004828002414,"frozenset({'pens', 'sugar', 'water'})"
1283,0.643934821967411,"frozenset({'pens', 'sugar', 'wine'})"
1284,0.6576141621404143,"frozenset({'pens', 'tomatoes', 'tea'})"
1285,0.6781331723999195,"frozenset({'pens', 'vodka', 'tea'})"
1286,0.6648561657614163,"frozenset({'pens', 'tea', 'water'})"
1287,0.6612351639509153,"frozenset({'pens', 'tea', 'wine'})"
1288,0.6572118286059143,"frozenset({'vodka', 'pens', 'tomatoes'})"
1289,0.6660631663649165,"frozenset({'pens', 'tomatoes', 'water'})"
1290,0.6712935023134178,"frozenset({'pens', 'tomatoes', 'wine'})"
1291,0.6737075035204184,"frozenset({'pens', 'vodka', 'water'})"
1292,0.6924160128746731,"frozenset({'pens', 'vodka', 'wine'})"
1293,0.6751156708911688,"frozenset({'pens', 'water', 'wine'})"
1294,0.6145644739489037,"frozenset({'salt', 'pepper', 'sugar'})"
1295,0.6511768255884128,"frozenset({'salt', 'pepper', 'tea'})"
1296,0.6574129953731643,"frozenset({'salt', 'tomatoes', 'pepper'})"
1297,0.6576141621404143,"frozenset({'salt', 'vodka', 'pepper'})"
1298,0.6459464896399115,"frozenset({'salt', 'pepper', 'water'})"
1299,0.6505733252866627,"frozenset({'salt', 'pepper', 'wine'})"
1300,0.6407161536914102,"frozenset({'pepper', 'sugar', 'tea'})"
1301,0.6234158117079058,"frozenset({'sugar', 'tomatoes', 'pepper'})"
1302,0.6389056527861597,"frozenset({'sugar', 'vodka', 'pepper'})"
1303,0.6461476564071615,"frozenset({'pepper', 'sugar', 'water'})"
1304,0.6330718165359083,"frozenset({'pepper', 'sugar', 'wine'})"
1305,0.6608328304164152,"frozenset({'tomatoes', 'pepper', 'tea'})"
1306,0.6745121705894186,"frozenset({'vodka', 'pepper', 'tea'})"
1307,0.6686783343391671,"frozenset({'tea', 'pepper', 'water'})"
1308,0.656205994769664,"frozenset({'tea', 'pepper', 'wine'})"
1309,0.6376986521826594,"frozenset({'vodka', 'tomatoes', 'pepper'})"
1310,0.6533896600281633,"frozenset({'tomatoes', 'pepper', 'water'})"
1311,0.6656608328304164,"frozenset({'tomatoes', 'pepper', 'wine'})"
1312,0.6690806678736673,"frozenset({'vodka', 'pepper', 'water'})"
1313,0.6722993361496681,"frozenset({'vodka', 'pepper', 'wine'})"
1314,0.6616374974854154,"frozenset({'wine', 'pepper', 'water'})"
1315,0.6173808086904043,"frozenset({'salt', 'sugar', 'tea'})"
1316,0.6296519814926574,"frozenset({'salt', 'tomatoes', 'sugar'})"
1317,0.6378998189499094,"frozenset({'salt', 'vodka', 'sugar'})"
1318,0.616374974854154,"frozenset({'salt', 'sugar', 'water'})"
1319,0.6312613156306578,"frozenset({'salt', 'sugar', 'wine'})"
1320,0.6745121705894186,"frozenset({'salt', 'tomatoes', 'tea'})"
1321,0.6694830014081674,"frozenset({'salt', 'vodka', 'tea'})"
1322,0.6459464896399115,"frozenset({'salt', 'tea', 'water'})"
1323,0.6698853349426674,"frozenset({'salt', 'tea', 'wine'})"
1324,0.6642526654596661,"frozenset({'vodka', 'tomatoes', 'salt'})"
1325,0.6614363307181653,"frozenset({'salt', 'tomatoes', 'water'})"
1326,0.6759203379601689,"frozenset({'salt', 'tomatoes', 'wine'})"
1327,0.6525849929591632,"frozenset({'salt', 'vodka', 'water'})"
1328,0.6912090122711728,"frozenset({'salt', 'vodka', 'wine'})"
1329,0.651780325890163,"frozenset({'wine', 'salt', 'water'})"
1330,0.6266344799839066,"frozenset({'tomatoes', 'sugar', 'tea'})"
1331,0.663850331925166,"frozenset({'vodka', 'sugar', 'tea'})"
1332,0.6495674914504124,"frozenset({'tea', 'sugar', 'water'})"
1333,0.6376986521826594,"frozenset({'tea', 'sugar', 'wine'})"
1334,0.6324683162341581,"frozenset({'vodka', 'tomatoes', 'sugar'})"
1335,0.6469523234761617,"frozenset({'tomatoes', 'sugar', 'water'})"
1336,0.644135988734661,"frozenset({'tomatoes', 'sugar', 'wine'})"
1337,0.6566083283041642,"frozenset({'vodka', 'sugar', 'water'})"
1338,0.6606316636491651,"frozenset({'vodka', 'sugar', 'wine'})"
1339,0.6552001609334138,"frozenset({'wine', 'sugar', 'water'})"
1340,0.6696841681754174,"frozenset({'vodka', 'tomatoes', 'tea'})"
1341,0.6733051699859183,"frozenset({'tea', 'tomatoes', 'water'})"
1342,0.6781331723999195,"frozenset({'tea', 'tomatoes', 'wine'})"
1343,0.6785355059344196,"frozenset({'tea', 'vodka', 'water'})"
1344,0.6994568497284248,"frozenset({'tea', 'vodka', 'wine'})"
1345,0.6668678334339168,"frozenset({'wine', 'tea', 'water'})"
1346,0.6648561657614163,"frozenset({'vodka', 'tomatoes', 'water'})"
1347,0.6946288473144236,"frozenset({'vodka', 'tomatoes', 'wine'})"
1348,0.6928183464091732,"frozenset({'wine', 'tomatoes', 'water'})"
1349,0.6914101790384228,"frozenset({'wine', 'vodka', 'water'})"
